ANO;MÊS;1600055 - Serra do Navio;1600105 - Amapá;1600154 - Pedra Branca do Amapari;1600204 - Calçoene;1600212 - Cutias;1600238 - Ferreira Gomes;1600253 - Itaubal;1600279 - Laranjal do Jari;1600303 - Macapá;1600402 - Mazagão;1600501 - Oiapoque;1600535 - Porto Grande;1600550 - Pracuúba;1600600 - Santana;1600709 - Tartarugalzinho;1600808 - Vitória do Jari
1986;1;20.05;21.99;20.1;21.67;21.92;20.91;21.77;20.19;22.21;21.01;20.98;20.74;21.04;21.57;21.27;21.75
1986;2;19.91;22.01;19.98;21.6;21.94;20.84;21.75;20.17;22.24;20.94;20.86;20.65;21;21.54;21.24;21.73
1986;3;20.13;22.2;20.25;21.81;22.17;21.16;22.08;20.51;22.5;21.36;21.06;20.96;21.23;21.96;21.49;22.26
1986;4;20.16;22.14;20.27;21.84;22.06;21.09;21.95;20.52;22.34;21.28;21.17;20.91;21.21;21.85;21.42;22.11
1986;5;20.24;21.89;20.28;21.67;21.84;21.02;21.77;20.27;22.06;21;21.2;20.86;21.08;21.61;21.31;21.54
1986;6;19.68;21.48;19.68;21.25;21.3;20.41;21.21;19.61;21.66;20.33;20.81;20.24;20.47;21.03;20.67;20.81
1986;7;19.15;21.21;19.2;20.86;21.15;19.92;20.96;19.21;21.54;20.01;20.34;19.77;19.99;20.73;20.23;20.6
1986;8;19.19;21.42;19.3;21.06;21.47;19.97;21.16;19.58;21.71;20.2;20.47;19.8;20.22;20.83;20.46;21.15
1986;9;19.54;21.76;19.72;21.42;21.84;20.29;21.53;20.31;21.99;20.59;20.88;20.14;20.65;21.14;20.88;21.72
1986;10;20.03;22.11;20.23;21.71;22.24;20.79;21.99;20.84;22.42;21.1;21.15;20.65;21.05;21.63;21.32;22.28
1986;11;20.37;22.53;20.51;22.09;22.7;21.3;22.51;21.02;22.88;21.46;21.42;21.12;21.54;22.12;21.85;22.47
1986;12;20.45;22.31;20.52;21.93;22.33;21.37;22.25;20.66;22.62;21.44;21.28;21.19;21.42;22.07;21.69;22.27
1987;1;20;21.88;20.09;21.52;21.85;20.93;21.77;20.2;22.19;21.11;20.81;20.76;20.95;21.68;21.2;21.87
1987;2;19.94;21.92;20.03;21.55;21.86;20.87;21.74;20.25;22.2;21.08;20.8;20.69;20.94;21.6;21.19;21.97
1987;3;20.23;22.19;20.34;21.8;22.1;21.14;21.97;20.65;22.4;21.39;21.09;20.96;21.26;21.85;21.48;22.33
1987;4;20.49;22.34;20.58;22.05;22.21;21.32;22.08;20.85;22.45;21.51;21.41;21.16;21.45;21.97;21.64;22.39
1987;5;20.18;21.83;20.3;21.64;21.77;21.02;21.76;20.42;22.05;21.18;21.14;20.87;20.99;21.73;21.22;21.85
1987;6;19.81;21.64;19.86;21.37;21.57;20.64;21.51;19.87;21.91;20.66;20.88;20.47;20.62;21.36;20.88;21.17
1987;7;19.47;21.49;19.51;21.2;21.45;20.24;21.27;19.64;21.8;20.33;20.73;20.06;20.34;21.02;20.58;21.07
1987;8;19.51;21.67;19.68;21.31;21.75;20.27;21.49;19.96;22;20.57;20.74;20.12;20.5;21.16;20.76;21.6
1987;9;19.84;21.96;20.06;21.63;22.07;20.6;21.85;20.68;22.31;21.06;21.1;20.46;20.86;21.58;21.1;22.31
1987;10;20.12;22.24;20.33;21.91;22.36;20.88;22.14;21.07;22.58;21.3;21.38;20.74;21.18;21.83;21.43;22.59
1987;11;20.78;22.7;20.91;22.31;22.83;21.62;22.7;21.31;23.05;21.77;21.75;21.45;21.77;22.38;22.07;22.76
1987;12;20.71;22.5;20.76;22.17;22.51;21.52;22.43;20.94;22.8;21.61;21.57;21.36;21.61;22.2;21.86;22.36
1988;1;20.31;22.24;20.38;21.86;22.17;21.17;22.01;20.57;22.44;21.32;21.14;21.01;21.3;21.82;21.53;22.11
1988;2;20.12;22.14;20.24;21.76;22.1;21.06;21.97;20.55;22.42;21.32;21.01;20.89;21.16;21.81;21.41;22.3
1988;3;20.53;22.49;20.62;22.11;22.44;21.49;22.38;20.95;22.77;21.69;21.4;21.29;21.54;22.27;21.79;22.63
1988;4;20.51;22.37;20.64;22.07;22.28;21.37;22.18;20.94;22.57;21.62;21.41;21.21;21.45;22.12;21.67;22.5
1988;5;20.55;22.13;20.62;21.9;22.05;21.34;22.01;20.6;22.34;21.39;21.43;21.19;21.3;21.96;21.52;21.94
1988;6;19.94;21.78;19.94;21.52;21.6;20.65;21.49;19.88;21.95;20.6;21.07;20.49;20.73;21.29;20.93;21.03
1988;7;19.58;21.65;19.64;21.3;21.56;20.34;21.34;19.65;21.93;20.38;20.78;20.18;20.43;21.08;20.66;20.97
1988;8;19.67;21.87;19.8;21.51;21.9;20.48;21.62;20.02;22.15;20.69;20.9;20.32;20.7;21.31;20.94;21.58
1988;9;19.96;22.12;20.17;21.77;22.25;20.72;22.02;20.76;22.46;21.08;21.2;20.57;21;21.66;21.26;22.26
1988;10;20.31;22.52;20.48;22.17;22.66;21.06;22.37;21.03;22.8;21.35;21.6;20.91;21.45;21.92;21.71;22.55
1988;11;20.68;22.7;20.78;22.3;22.85;21.58;22.75;21.14;23.11;21.68;21.7;21.39;21.73;22.41;22.04;22.62
1988;12;20.37;22.22;20.41;21.89;22.12;21.16;21.97;20.49;22.4;21.21;21.27;21;21.28;21.75;21.49;21.92
1989;1;20.14;22.06;20.19;21.73;21.95;20.98;21.77;20.3;22.21;21.05;21.09;20.81;21.13;21.59;21.34;21.73
1989;2;19.9;21.91;20;21.56;21.88;20.87;21.79;20.23;22.2;21.06;20.81;20.68;20.93;21.63;21.2;21.88
1989;3;20.21;22.26;20.28;21.91;22.19;21.16;22.05;20.57;22.44;21.32;21.19;20.95;21.32;21.89;21.56;22.23
1989;4;20.26;22.25;20.37;21.94;22.14;21.2;22.01;20.65;22.39;21.42;21.22;21.02;21.32;21.94;21.53;22.31
1989;5;20.36;21.98;20.39;21.76;21.88;21.08;21.8;20.36;22.14;21.08;21.29;20.93;21.13;21.67;21.33;21.61
1989;6;19.83;21.56;19.81;21.33;21.43;20.53;21.38;19.68;21.78;20.4;20.95;20.36;20.56;21.17;20.78;20.7
1989;7;19.45;21.48;19.48;21.14;21.45;20.31;21.29;19.5;21.81;20.34;20.61;20.13;20.33;21.08;20.59;20.89
1989;8;19.4;21.66;19.51;21.3;21.74;20.25;21.47;19.79;21.99;20.48;20.69;20.07;20.48;21.13;20.75;21.41
1989;9;19.68;21.85;19.93;21.49;21.98;20.49;21.75;20.59;22.21;20.94;20.94;20.35;20.73;21.43;21;22.14
1989;10;20.18;22.37;20.39;22;22.49;21.01;22.23;21.07;22.67;21.38;21.43;20.86;21.31;21.89;21.58;22.68
1989;11;20.91;22.84;20.99;22.45;23.01;21.79;22.9;21.32;23.2;21.86;21.89;21.6;21.95;22.54;22.26;22.73
1989;12;20.66;22.49;20.67;22.17;22.45;21.46;22.32;20.74;22.7;21.48;21.55;21.29;21.6;22.07;21.82;22.18
1990;1;20.46;22.38;20.51;22.04;22.36;21.34;22.2;20.61;22.62;21.42;21.41;21.16;21.46;21.99;21.7;22.12
1990;2;20.16;22.2;20.28;21.82;22.17;21.12;22.02;20.58;22.48;21.34;21.1;20.93;21.22;21.86;21.48;22.29
1990;3;20.33;22.36;20.47;22.01;22.27;21.27;22.13;20.88;22.55;21.53;21.31;21.09;21.4;21.99;21.64;22.57
1990;4;20.71;22.55;20.81;22.29;22.47;21.6;22.38;21.11;22.72;21.84;21.67;21.43;21.68;22.31;21.9;22.77
1990;5;20.64;22.38;20.66;22.11;22.32;21.44;22.22;20.64;22.57;21.43;21.59;21.27;21.54;22.04;21.76;22
1990;6;20.23;22.04;20.21;21.76;21.93;20.94;21.83;20.12;22.27;20.84;21.32;20.77;21.02;21.58;21.24;21.29
1990;7;19.76;21.73;19.83;21.42;21.65;20.53;21.48;19.9;22.02;20.62;20.97;20.37;20.57;21.27;20.8;21.2
1990;8;19.82;21.9;19.99;21.56;21.93;20.54;21.69;20.39;22.2;20.82;21.04;20.4;20.75;21.41;20.98;21.73
1990;9;20.16;22.3;20.36;21.98;22.45;20.94;22.21;21;22.62;21.29;21.46;20.79;21.23;21.85;21.5;22.41
1990;10;20.54;22.71;20.72;22.32;22.82;21.36;22.57;21.39;22.98;21.66;21.72;21.2;21.68;22.19;21.94;22.9
1990;11;21.01;23.05;21.14;22.62;23.22;21.92;23.07;21.57;23.41;22.03;21.98;21.73;22.1;22.7;22.42;23.01
1990;12;20.74;22.54;20.8;22.22;22.48;21.51;22.35;20.91;22.74;21.6;21.61;21.36;21.65;22.14;21.86;22.28
1991;1;20.46;22.3;20.52;21.99;22.26;21.29;22.14;20.67;22.54;21.43;21.36;21.14;21.41;21.97;21.63;22.17
1991;2;20.1;22.09;20.21;21.72;22.03;21.04;21.94;20.52;22.39;21.29;21;20.86;21.09;21.85;21.35;22.17
1991;3;20.44;22.38;20.57;22.02;22.3;21.36;22.2;21.02;22.61;21.65;21.32;21.18;21.43;22.13;21.68;22.65
1991;4;20.71;22.61;20.83;22.32;22.53;21.61;22.41;21.13;22.76;21.82;21.64;21.44;21.74;22.31;21.95;22.69
1991;5;20.5;22.21;20.56;21.96;22.18;21.33;22.1;20.6;22.42;21.36;21.44;21.17;21.36;21.94;21.61;21.94
1991;6;20.03;21.78;20.05;21.53;21.68;20.79;21.6;20.04;22;20.75;21.1;20.62;20.8;21.43;21.03;21.27
1991;7;19.4;21.43;19.48;21.09;21.34;20.19;21.17;19.61;21.73;20.35;20.6;20.02;20.25;20.98;20.49;21.16
1991;8;19.4;21.52;19.57;21.16;21.53;20.12;21.3;19.93;21.83;20.44;20.62;19.98;20.32;21.02;20.55;21.43
1991;9;19.55;21.84;19.79;21.47;21.97;20.38;21.67;20.48;22.14;20.81;20.86;20.23;20.71;21.31;20.98;22.1
1991;10;20.29;22.3;20.49;21.92;22.45;21.05;22.23;21.14;22.62;21.4;21.37;20.91;21.3;21.87;21.57;22.62
1991;11;20.4;22.42;20.53;21.98;22.56;21.29;22.4;20.94;22.77;21.42;21.36;21.11;21.44;22.06;21.75;22.36
1991;12;20.34;22.22;20.39;21.89;22.19;21.22;22.08;20.52;22.47;21.3;21.26;21.05;21.32;21.91;21.56;22.04
1992;1;19.94;21.93;20;21.57;21.85;20.84;21.69;20.16;22.15;20.97;20.87;20.67;20.95;21.54;21.18;21.69
1992;2;19.79;21.75;19.87;21.4;21.7;20.69;21.61;20.1;22.06;20.89;20.71;20.53;20.75;21.48;21;21.68
1992;3;20.05;22.08;20.16;21.67;22.02;20.99;21.92;20.53;22.35;21.22;20.92;20.81;21.09;21.8;21.34;22.11
1992;4;20.4;22.17;20.48;21.9;22.07;21.21;21.98;20.72;22.33;21.37;21.3;21.05;21.29;21.88;21.5;22.14
1992;5;20;21.76;20.05;21.51;21.69;20.84;21.61;20.04;21.95;20.83;20.99;20.67;20.85;21.45;21.1;21.4
1992;6;19.88;21.68;19.88;21.39;21.62;20.61;21.51;19.84;21.95;20.6;20.93;20.44;20.67;21.29;20.9;21.13
1992;7;19.21;21.36;19.24;21.01;21.37;20.02;21.13;19.27;21.67;20.02;20.49;19.84;20.15;20.79;20.41;20.56
1992;8;19.11;21.4;19.23;21.03;21.44;19.9;21.15;19.56;21.71;20.19;20.43;19.74;20.15;20.83;20.4;21.19
1992;9;19.44;21.73;19.64;21.37;21.85;20.23;21.56;20.25;22.05;20.66;20.78;20.09;20.57;21.18;20.83;21.92
1992;10;20.02;22.19;20.19;21.8;22.34;20.88;22.14;20.77;22.54;21.16;21.2;20.71;21.14;21.77;21.42;22.36
1992;11;20.36;22.39;20.45;21.96;22.47;21.25;22.35;20.75;22.74;21.37;21.32;21.07;21.43;22.06;21.71;22.29
1992;12;20.32;22.19;20.37;21.81;22.19;21.17;22.1;20.48;22.48;21.23;21.2;21;21.27;21.87;21.53;21.94
1993;1;19.95;21.89;19.99;21.56;21.85;20.81;21.71;20.13;22.15;20.89;20.93;20.63;20.95;21.51;21.18;21.54
1993;2;20.01;22;20.06;21.67;21.96;20.91;21.85;20.26;22.26;21.02;21;20.73;21.03;21.61;21.28;21.79
1993;3;20.41;22.28;20.46;22;22.21;21.28;22.1;20.62;22.47;21.4;21.36;21.1;21.4;21.94;21.62;22.22
1993;4;20.29;22.21;20.37;21.93;22.16;21.18;22.04;20.58;22.39;21.34;21.32;21.01;21.28;21.87;21.53;22.14
1993;5;20.16;21.72;20.22;21.54;21.65;20.88;21.59;20.2;21.91;20.92;21.08;20.74;20.9;21.47;21.12;21.5
1993;6;19.72;21.44;19.72;21.19;21.35;20.46;21.3;19.64;21.69;20.41;20.76;20.29;20.46;21.1;20.7;20.87
1993;7;19.24;21.3;19.27;20.98;21.2;19.99;20.97;19.34;21.56;20.03;20.52;19.82;20.08;20.73;20.31;20.62
1993;8;19.34;21.63;19.45;21.29;21.68;20.13;21.41;19.74;21.96;20.4;20.73;19.97;20.37;21.07;20.63;21.33
1993;9;19.56;21.87;19.71;21.52;22;20.39;21.74;20.18;22.22;20.73;20.94;20.22;20.69;21.4;20.96;21.91
1993;10;20;22.29;20.17;21.89;22.44;20.89;22.2;20.63;22.64;21.21;21.26;20.72;21.19;21.82;21.49;22.45
1993;11;20.42;22.5;20.53;22.05;22.63;21.31;22.47;20.89;22.88;21.46;21.43;21.13;21.46;22.14;21.78;22.41
1993;12;20.45;22.35;20.51;21.99;22.32;21.32;22.18;20.63;22.59;21.4;21.34;21.15;21.42;21.96;21.67;22.16
1994;1;19.77;21.81;19.83;21.45;21.73;20.66;21.57;19.95;22.06;20.74;20.74;20.48;20.8;21.35;21.03;21.43
1994;2;19.75;21.81;19.83;21.44;21.75;20.69;21.65;20.03;22.11;20.86;20.75;20.5;20.79;21.49;21.04;21.65
1994;3;19.95;21.99;20.01;21.62;21.89;20.89;21.77;20.26;22.21;21.07;20.92;20.69;21.02;21.66;21.25;21.97
1994;4;20.05;21.91;20.15;21.65;21.83;20.94;21.74;20.37;22.09;21.11;21.03;20.76;21.03;21.65;21.25;21.97
1994;5;20.03;21.69;20.07;21.48;21.62;20.83;21.57;20.05;21.89;20.84;21.01;20.67;20.86;21.47;21.08;21.4
1994;6;19.74;21.42;19.76;21.17;21.27;20.46;21.19;19.7;21.63;20.4;20.78;20.3;20.44;21.06;20.67;20.82
1994;7;19.03;21.22;19.06;20.84;21.18;19.9;20.96;19.11;21.54;19.88;20.29;19.71;19.95;20.65;20.23;20.45
1994;8;19.02;21.27;19.14;20.9;21.33;19.79;21.07;19.39;21.64;20.06;20.35;19.64;19.98;20.77;20.25;20.95
1994;9;19.57;21.79;19.74;21.44;21.94;20.39;21.7;20.16;22.15;20.73;20.84;20.23;20.65;21.38;20.92;21.86
1994;10;20.29;22.47;20.45;22.08;22.64;21.14;22.39;21.02;22.8;21.45;21.46;20.97;21.41;22.04;21.7;22.64
1994;11;20.4;22.59;20.52;22.15;22.71;21.32;22.5;20.88;22.93;21.47;21.47;21.13;21.55;22.16;21.85;22.43
1994;12;20.4;22.3;20.44;21.93;22.26;21.21;22.1;20.54;22.53;21.25;21.3;21.04;21.36;21.84;21.59;21.98
1995;1;20;21.95;20.03;21.62;21.84;20.85;21.67;20.12;22.13;20.94;20.95;20.68;21;21.51;21.21;21.65
1995;2;19.71;21.79;19.75;21.43;21.71;20.64;21.59;20.01;22.04;20.77;20.74;20.44;20.77;21.41;21.03;21.58
1995;3;19.91;22.05;19.98;21.69;22.01;20.92;21.88;20.32;22.26;21.07;20.94;20.71;21.11;21.69;21.36;22.02
1995;4;20.32;22.16;20.42;21.88;22.05;21.23;21.98;20.66;22.31;21.41;21.26;21.05;21.28;21.96;21.49;22.2
1995;5;20.17;21.75;20.2;21.54;21.62;20.91;21.56;20.12;21.86;20.88;21.08;20.75;20.96;21.47;21.16;21.39
1995;6;19.62;21.36;19.64;21.08;21.24;20.37;21.2;19.59;21.63;20.34;20.67;20.2;20.34;21.04;20.58;20.82
1995;7;19.14;21.35;19.17;21;21.32;19.99;21.09;19.22;21.66;20.06;20.47;19.79;20.12;20.79;20.38;20.79
1995;8;19.44;21.58;19.55;21.21;21.63;20.22;21.41;19.7;21.93;20.47;20.64;20.07;20.4;21.13;20.65;21.4
1995;9;19.7;21.83;19.84;21.53;21.93;20.42;21.69;20.25;22.14;20.74;21.01;20.27;20.74;21.34;20.97;21.86
1995;10;20.32;22.38;20.43;22.05;22.46;21.04;22.24;20.86;22.66;21.26;21.54;20.88;21.35;21.89;21.57;22.34
1995;11;20.78;22.75;20.84;22.34;22.83;21.6;22.66;21.06;23.02;21.62;21.74;21.42;21.82;22.3;22.09;22.44
1995;12;20.44;22.29;20.51;21.94;22.27;21.3;22.16;20.59;22.58;21.42;21.34;21.13;21.37;21.99;21.61;22.15
1996;1;20.21;22.15;20.25;21.82;22.02;21;21.83;20.34;22.3;21.11;21.15;20.85;21.18;21.64;21.37;21.82
1996;2;20.01;22.03;20.1;21.66;22;20.95;21.9;20.35;22.33;21.15;20.92;20.77;21.04;21.74;21.31;22.04
1996;3;20.15;22.24;20.28;21.84;22.25;21.17;22.15;20.62;22.54;21.38;21.11;20.96;21.27;21.99;21.55;22.3
1996;4;20.48;22.34;20.59;22.05;22.29;21.4;22.26;20.87;22.6;21.6;21.45;21.23;21.46;22.19;21.69;22.44
1996;5;20.62;22.25;20.64;22;22.2;21.47;22.19;20.55;22.47;21.37;21.53;21.29;21.43;22.07;21.68;21.81
1996;6;20.03;21.9;20.04;21.61;21.82;20.79;21.72;20.01;22.17;20.75;21.15;20.61;20.84;21.48;21.09;21.24
1996;7;19.68;21.73;19.7;21.39;21.71;20.48;21.51;19.68;22.04;20.48;20.88;20.3;20.57;21.25;20.83;21.08
1996;8;19.68;21.88;19.82;21.51;21.95;20.55;21.72;20.11;22.2;20.81;20.88;20.39;20.76;21.41;21.01;21.8
1996;9;20.04;22.2;20.23;21.88;22.33;20.82;22.1;20.85;22.53;21.19;21.36;20.66;21.11;21.76;21.37;22.39
1996;10;20.33;22.51;20.55;22.15;22.66;21.16;22.46;21.2;22.87;21.52;21.58;21.01;21.45;22.1;21.73;22.75
1996;11;20.85;22.73;20.97;22.3;22.82;21.64;22.7;21.27;23.08;21.8;21.74;21.49;21.78;22.42;22.05;22.71
1996;12;20.76;22.62;20.82;22.28;22.61;21.65;22.53;20.98;22.91;21.73;21.65;21.47;21.71;22.37;21.97;22.52
1997;1;20.35;22.31;20.41;21.94;22.24;21.22;22.11;20.55;22.56;21.35;21.26;21.05;21.34;21.93;21.56;22.12
1997;2;20.48;22.41;20.56;22.04;22.35;21.36;22.25;20.8;22.69;21.59;21.34;21.19;21.46;22.12;21.69;22.47
1997;3;20.6;22.53;20.69;22.14;22.48;21.51;22.37;20.93;22.79;21.71;21.41;21.33;21.6;22.24;21.83;22.65
1997;4;20.63;22.47;20.73;22.22;22.37;21.53;22.31;21.02;22.64;21.73;21.62;21.35;21.61;22.25;21.82;22.62
1997;5;20.75;22.35;20.76;22.13;22.3;21.59;22.26;20.71;22.52;21.52;21.63;21.41;21.58;22.16;21.81;22.04
1997;6;20.09;21.94;20.11;21.69;21.83;20.88;21.75;20.05;22.19;20.88;21.2;20.71;20.92;21.58;21.15;21.42
1997;7;19.56;21.69;19.62;21.33;21.7;20.46;21.55;19.69;22.07;20.59;20.78;20.27;20.51;21.3;20.79;21.33
1997;8;19.69;21.9;19.83;21.51;22;20.52;21.75;20.14;22.25;20.83;20.91;20.36;20.74;21.45;21;21.84
1997;9;20;22.1;20.17;21.78;22.2;20.71;21.98;20.77;22.46;21.13;21.33;20.58;20.97;21.7;21.21;22.31
1997;10;20.43;22.5;20.62;22.14;22.63;21.23;22.43;21.26;22.85;21.58;21.59;21.08;21.45;22.13;21.73;22.86
1997;11;20.68;22.68;20.78;22.29;22.76;21.51;22.63;21.21;23.02;21.65;21.73;21.34;21.71;22.29;21.98;22.66
1997;12;20.68;22.52;20.73;22.18;22.5;21.52;22.41;20.9;22.81;21.63;21.59;21.35;21.62;22.22;21.87;22.46
1998;1;20.37;22.25;20.42;21.94;22.19;21.24;22.08;20.56;22.5;21.35;21.28;21.07;21.33;21.93;21.56;22.06
1998;2;20.18;22.15;20.3;21.75;22.09;21.1;21.96;20.58;22.42;21.32;21.01;20.93;21.17;21.82;21.42;22.21
1998;3;20.4;22.37;20.52;22.01;22.26;21.27;22.11;20.83;22.56;21.52;21.37;21.1;21.4;21.99;21.62;22.49
1998;4;20.48;22.44;20.58;22.13;22.34;21.36;22.21;20.89;22.61;21.61;21.5;21.19;21.49;22.11;21.71;22.53
1998;5;20.51;22.2;20.55;21.96;22.11;21.27;22.01;20.57;22.34;21.27;21.48;21.12;21.35;21.84;21.56;21.81
1998;6;20.02;21.84;20.07;21.58;21.76;20.83;21.68;20.07;22.1;20.82;21.11;20.67;20.82;21.49;21.08;21.3
1998;7;19.52;21.54;19.61;21.2;21.52;20.3;21.35;19.81;21.87;20.46;20.7;20.15;20.37;21.11;20.63;21.17
1998;8;19.93;21.87;20.13;21.53;21.88;20.6;21.66;20.48;22.18;20.94;20.99;20.49;20.77;21.45;20.97;21.87
1998;9;20.25;22.22;20.42;21.95;22.29;20.92;22.1;20.94;22.53;21.27;21.5;20.79;21.17;21.81;21.38;22.35
1998;10;20.55;22.49;20.74;22.14;22.52;21.23;22.3;21.28;22.75;21.56;21.64;21.11;21.48;22.04;21.69;22.73
1998;11;20.67;22.66;20.77;22.26;22.75;21.52;22.6;21.13;22.98;21.59;21.68;21.34;21.68;22.28;21.97;22.45
1998;12;20.54;22.4;20.59;22.06;22.37;21.38;22.27;20.75;22.7;21.47;21.47;21.21;21.46;22.08;21.7;22.2
1999;1;20.25;22.19;20.3;21.82;22.12;21.13;22;20.46;22.44;21.24;21.13;20.96;21.23;21.83;21.46;21.98
1999;2;20.32;22.27;20.38;21.91;22.16;21.19;22.04;20.62;22.48;21.31;21.24;21.01;21.32;21.84;21.54;22.08
1999;3;20.66;22.63;20.76;22.23;22.59;21.59;22.45;20.98;22.86;21.73;21.49;21.4;21.71;22.25;21.95;22.6
1999;4;20.51;22.46;20.58;22.16;22.39;21.44;22.28;20.8;22.65;21.58;21.51;21.25;21.56;22.17;21.78;22.45
1999;5;20.49;22.16;20.54;21.98;22.11;21.28;22.02;20.62;22.32;21.36;21.47;21.12;21.36;21.91;21.58;21.96
1999;6;20.02;21.8;20.04;21.53;21.77;20.83;21.74;20.09;22.14;20.88;21.09;20.65;20.8;21.58;21.07;21.43
1999;7;19.63;21.65;19.7;21.29;21.64;20.47;21.47;19.77;21.99;20.53;20.8;20.29;20.47;21.23;20.75;21.08
1999;8;19.75;21.73;19.89;21.39;21.77;20.44;21.56;20.09;22.08;20.73;20.87;20.31;20.58;21.32;20.82;21.62
1999;9;20;22.08;20.21;21.78;22.2;20.68;21.95;20.75;22.39;21.07;21.29;20.55;21;21.59;21.24;22.25
1999;10;20.56;22.64;20.75;22.27;22.78;21.3;22.54;21.35;22.95;21.65;21.72;21.16;21.6;22.16;21.87;22.87
1999;11;20.75;22.82;20.87;22.43;22.98;21.6;22.8;21.33;23.16;21.8;21.82;21.42;21.84;22.37;22.14;22.9
1999;12;20.73;22.58;20.76;22.25;22.57;21.58;22.47;20.87;22.86;21.66;21.66;21.4;21.67;22.27;21.92;22.41
2000;1;20.36;22.25;20.43;21.89;22.17;21.2;22.03;20.56;22.49;21.37;21.24;21.04;21.3;21.88;21.52;22.16
2000;2;20.29;22.24;20.35;21.88;22.14;21.16;22.01;20.59;22.47;21.33;21.23;20.97;21.28;21.86;21.49;22.23
2000;3;20.36;22.36;20.5;22;22.23;21.23;22.08;20.9;22.54;21.53;21.3;21.06;21.39;21.96;21.59;22.64
2000;4;20.76;22.44;20.86;22.26;22.32;21.54;22.25;21.15;22.55;21.78;21.71;21.39;21.64;22.21;21.81;22.73
2000;5;20.7;22.24;20.76;22.03;22.18;21.45;22.13;20.78;22.42;21.51;21.58;21.3;21.47;22.06;21.68;22.11
2000;6;20.05;21.82;20.04;21.6;21.72;20.8;21.63;20;22.02;20.72;21.2;20.62;20.85;21.43;21.07;21.24
2000;7;19.69;21.66;19.75;21.36;21.6;20.46;21.42;19.74;21.95;20.55;20.88;20.3;20.53;21.2;20.77;21.2
2000;8;19.76;21.85;19.88;21.51;21.88;20.52;21.64;20.08;22.14;20.7;21;20.36;20.71;21.35;20.95;21.45
2000;9;20.18;22.28;20.32;21.99;22.37;20.92;22.14;20.81;22.57;21.26;21.5;20.77;21.22;21.83;21.45;22.38
2000;10;20.52;22.62;20.68;22.27;22.72;21.3;22.5;21.27;22.93;21.63;21.73;21.14;21.57;22.17;21.82;22.86
2000;11;20.78;22.82;20.91;22.4;22.95;21.6;22.76;21.32;23.14;21.8;21.79;21.43;21.83;22.37;22.13;22.85
2000;12;20.77;22.61;20.83;22.26;22.63;21.61;22.52;20.95;22.91;21.69;21.66;21.44;21.7;22.28;21.97;22.39
2001;1;20.25;22.27;20.34;21.91;22.22;21.22;22.1;20.51;22.52;21.35;21.16;21.04;21.32;21.94;21.57;22.11
2001;2;20.16;22.16;20.28;21.8;22.1;21.12;22.02;20.59;22.46;21.37;21.1;20.94;21.18;21.94;21.43;22.25
2001;3;20.43;22.43;20.55;22.05;22.4;21.4;22.33;20.94;22.73;21.68;21.33;21.21;21.45;22.23;21.72;22.66
2001;4;20.52;22.44;20.6;22.17;22.41;21.47;22.32;20.87;22.65;21.64;21.53;21.28;21.55;22.21;21.8;22.49
2001;5;20.54;22.26;20.59;22.04;22.2;21.4;22.15;20.62;22.44;21.38;21.51;21.22;21.43;22.03;21.66;21.95
2001;6;20.04;21.86;20.09;21.59;21.81;20.9;21.77;20.14;22.18;20.94;21.14;20.72;20.84;21.63;21.12;21.52
2001;7;19.68;21.73;19.74;21.36;21.73;20.54;21.6;19.83;22.11;20.69;20.86;20.37;20.56;21.4;20.83;21.46
2001;8;19.83;21.94;19.96;21.55;22.03;20.59;21.76;20.22;22.25;20.86;20.99;20.44;20.79;21.46;21.06;21.83
2001;9;19.96;22.21;20.2;21.89;22.36;20.8;22.1;20.85;22.54;21.2;21.35;20.64;21.1;21.74;21.38;22.47
2001;10;20.61;22.66;20.85;22.27;22.77;21.38;22.54;21.45;22.98;21.77;21.72;21.25;21.61;22.25;21.87;23.02
2001;11;20.93;22.88;21.07;22.45;22.98;21.82;22.85;21.42;23.21;21.96;21.83;21.65;21.95;22.58;22.24;22.89
2001;12;20.79;22.65;20.84;22.29;22.64;21.69;22.54;20.94;22.91;21.72;21.65;21.5;21.76;22.36;22.01;22.43
2002;1;20.44;22.33;20.51;22;22.26;21.28;22.13;20.63;22.59;21.44;21.34;21.13;21.39;22;21.61;22.14
2002;2;20.43;22.43;20.54;22.03;22.38;21.35;22.28;20.84;22.72;21.61;21.34;21.18;21.45;22.11;21.7;22.58
2002;3;20.48;22.43;20.6;22.07;22.35;21.39;22.26;20.94;22.67;21.65;21.38;21.22;21.47;22.14;21.71;22.64
2002;4;20.92;22.77;21;22.46;22.67;21.83;22.59;21.2;22.94;21.95;21.82;21.65;21.9;22.5;22.12;22.73
2002;5;20.72;22.29;20.79;22.08;22.18;21.5;22.15;20.74;22.45;21.55;21.61;21.36;21.49;22.09;21.7;22.1
2002;6;20.19;22.14;20.21;21.85;22.05;21.01;21.92;20.17;22.38;20.99;21.36;20.83;21.08;21.68;21.32;21.55
2002;7;19.73;21.82;19.78;21.48;21.8;20.52;21.6;19.78;22.14;20.58;20.97;20.35;20.62;21.3;20.87;21.2
2002;8;19.76;21.98;19.9;21.62;22.03;20.54;21.75;20.21;22.27;20.79;21.06;20.38;20.8;21.43;21.04;21.73
2002;9;20.21;22.28;20.43;21.94;22.45;21.02;22.25;21.03;22.66;21.42;21.46;20.87;21.2;21.94;21.5;22.61
2002;10;20.45;22.65;20.67;22.24;22.85;21.36;22.6;21.37;22.99;21.72;21.62;21.18;21.64;22.25;21.95;23.03
2002;11;20.72;22.82;20.87;22.38;23.02;21.68;22.88;21.36;23.23;21.87;21.73;21.49;21.86;22.55;22.2;22.94
2002;12;20.87;22.68;20.95;22.32;22.72;21.75;22.65;21.18;23;21.85;21.71;21.58;21.81;22.46;22.07;22.59
2003;1;20.53;22.46;20.58;22.11;22.4;21.42;22.26;20.77;22.67;21.51;21.42;21.24;21.54;22.07;21.77;22.25
2003;2;20.51;22.49;20.64;22.07;22.42;21.44;22.27;20.92;22.71;21.61;21.32;21.26;21.53;22.12;21.78;22.46
2003;3;20.8;22.72;20.91;22.36;22.64;21.72;22.52;21.23;22.93;21.92;21.67;21.53;21.8;22.4;22.05;22.88
2003;4;20.65;22.56;20.75;22.28;22.51;21.63;22.43;20.97;22.76;21.83;21.6;21.44;21.69;22.38;21.93;22.65
2003;5;20.63;22.22;20.65;22.03;22.19;21.42;22.16;20.66;22.44;21.42;21.57;21.25;21.47;22.05;21.68;22.02
2003;6;20.2;21.95;20.24;21.68;21.9;20.96;21.82;20.25;22.26;21.01;21.28;20.8;20.94;21.65;21.21;21.56
2003;7;19.77;21.8;19.83;21.45;21.76;20.54;21.57;19.93;22.13;20.66;20.98;20.37;20.61;21.33;20.86;21.32
2003;8;19.84;21.89;20.02;21.54;21.95;20.51;21.71;20.35;22.23;20.83;21.05;20.39;20.72;21.42;20.96;21.79
2003;9;20.4;22.26;20.65;21.94;22.3;21.06;22.12;21.23;22.6;21.53;21.49;20.96;21.21;21.96;21.42;22.73
2003;10;20.83;22.74;21.06;22.34;22.83;21.57;22.64;21.72;23.06;21.95;21.8;21.44;21.77;22.38;22.01;23.19
2003;11;21;22.97;21.13;22.55;23.11;21.87;22.98;21.58;23.32;22;21.97;21.68;22.05;22.65;22.35;23.03
2003;12;20.86;22.74;20.91;22.37;22.75;21.78;22.65;21.06;23.03;21.82;21.72;21.59;21.85;22.45;22.12;22.56
2004;1;20.44;22.43;20.49;22.06;22.37;21.33;22.22;20.67;22.67;21.45;21.35;21.16;21.48;22.01;21.7;22.23
2004;2;20.38;22.5;20.47;22.07;22.44;21.32;22.29;20.84;22.76;21.54;21.3;21.13;21.47;22.09;21.72;22.52
2004;3;20.56;22.62;20.72;22.17;22.6;21.55;22.49;21.16;22.94;21.87;21.38;21.38;21.61;22.37;21.9;22.91
2004;4;20.69;22.64;20.83;22.27;22.57;21.63;22.46;21.18;22.87;21.86;21.57;21.46;21.68;22.38;21.93;22.73
2004;5;20.75;22.39;20.8;22.15;22.38;21.57;22.3;20.83;22.57;21.54;21.64;21.4;21.61;22.16;21.86;22.09
2004;6;20.3;22.07;20.33;21.8;22.03;21.05;21.95;20.31;22.33;21.04;21.35;20.88;21.08;21.73;21.33;21.59
2004;7;19.92;21.97;19.97;21.65;21.96;20.75;21.79;20.06;22.31;20.87;21.12;20.57;20.83;21.56;21.09;21.62
2004;8;20.1;22.21;20.26;21.84;22.31;20.9;22.08;20.52;22.58;21.21;21.31;20.75;21.05;21.82;21.33;22.18
2004;9;20.41;22.49;20.6;22.16;22.56;21.12;22.31;21.12;22.79;21.5;21.64;20.98;21.4;22.04;21.62;22.71
2004;10;20.87;23.03;21.03;22.64;23.2;21.73;22.98;21.62;23.34;21.96;22.02;21.55;22.05;22.57;22.33;23.14
2004;11;21.07;23.02;21.2;22.6;23.12;21.92;23;21.58;23.39;22.06;21.99;21.75;22.08;22.72;22.36;22.99
2004;12;20.86;22.71;20.95;22.35;22.67;21.7;22.56;21.11;23;21.88;21.71;21.55;21.77;22.42;22.01;22.71
2005;1;20.54;22.45;20.63;22.08;22.39;21.38;22.26;20.8;22.71;21.59;21.41;21.23;21.48;22.09;21.71;22.4
2005;2;20.78;22.66;20.88;22.29;22.55;21.56;22.41;21.15;22.86;21.79;21.63;21.43;21.69;22.26;21.9;22.66
2005;3;20.86;22.76;20.94;22.4;22.67;21.77;22.58;21.2;22.99;21.93;21.68;21.59;21.84;22.47;22.08;22.87
2005;4;20.96;22.79;21.05;22.53;22.7;21.86;22.61;21.3;22.92;22.01;21.89;21.68;21.92;22.53;22.14;22.85
2005;5;20.75;22.33;20.82;22.16;22.33;21.54;22.28;20.85;22.54;21.6;21.69;21.38;21.55;22.18;21.79;22.17
2005;6;20.27;21.99;20.27;21.75;21.89;20.97;21.81;20.25;22.21;20.98;21.35;20.8;21.03;21.62;21.25;21.53
2005;7;19.79;21.79;19.84;21.49;21.75;20.54;21.59;19.86;22.11;20.66;21.04;20.38;20.62;21.32;20.87;21.37
2005;8;19.91;22.02;20.02;21.67;22.07;20.64;21.8;20.24;22.32;20.88;21.12;20.49;20.87;21.47;21.1;21.78
2005;9;20.32;22.41;20.5;22.06;22.53;21.06;22.29;21.01;22.71;21.45;21.52;20.93;21.34;21.97;21.58;22.62
2005;10;20.79;22.82;20.94;22.42;22.94;21.54;22.69;21.41;23.13;21.84;21.87;21.39;21.8;22.36;22.06;23.04
2005;11;21.03;23.1;21.15;22.67;23.18;21.86;22.96;21.54;23.37;22.06;22.03;21.68;22.13;22.62;22.39;23.14
2005;12;21.19;22.98;21.25;22.64;22.94;21.99;22.81;21.4;23.19;22.14;22.03;21.84;22.12;22.65;22.34;22.96
