ANO;MÊS;1300029 - Alvarães;1300060 - Amaturá;1300086 - Anamã;1300102 - Anori;1300144 - Apuí;1300201 - Atalaia do Norte;1300300 - Autazes;1300409 - Barcelos;1300508 - Barreirinha;1300607 - Benjamin Constant;1300631 - Beruri;1300680 - Boa Vista do Ramos;1300706 - Boca do Acre;1300805 - Borba;1300839 - Caapiranga;1300904 - Canutama;1301001 - Carauari;1301100 - Careiro;1301159 - Careiro da Várzea;1301209 - Coari;1301308 - Codajás;1301407 - Eirunepé;1301506 - Envira;1301605 - Fonte Boa;1301654 - Guajará;1301704 - Humaitá;1301803 - Ipixuna;1301852 - Iranduba;1301902 - Itacoatiara;1301951 - Itamarati;1302009 - Itapiranga;1302108 - Japurá;1302207 - Juruá;1302306 - Jutaí;1302405 - Lábrea;1302504 - Manacapuru;1302553 - Manaquiri;1302603 - Manaus;1302702 - Manicoré;1302801 - Maraã;1302900 - Maués;1303007 - Nhamundá;1303106 - Nova Olinda do Norte;1303205 - Novo Airão;1303304 - Novo Aripuanã;1303403 - Parintins;1303502 - Pauini;1303536 - Presidente Figueiredo;1303569 - Rio Preto da Eva;1303601 - Santa Isabel do Rio Negro;1303700 - Santo Antônio do Içá;1303809 - São Gabriel da Cachoeira;1303908 - São Paulo de Olivença;1303957 - São Sebastião do Uatumã;1304005 - Silves;1304062 - Tabatinga;1304104 - Tapauá;1304203 - Tefé;1304237 - Tonantins;1304260 - Uarini;1304302 - Urucará;1304401 - Urucurituba
1986;1;21.69;21.62;22.16;22.02;21.8;21.54;22.27;21.52;22.32;21.75;22.01;22.4;21.7;21.97;22.12;22.12;21.84;22.31;22.41;21.88;21.98;21.45;21.31;21.62;21.14;22.05;21.33;22.4;22.2;21.97;22.02;21.17;21.62;21.75;22;22.33;22.26;22.15;21.96;21.76;21.89;21.71;22.15;22.17;21.86;22.41;21.85;21.99;21.93;21.15;21.55;20.8;21.8;22.02;22.31;21.89;21.99;21.74;21.41;21.73;21.83;22.46
1986;2;21.91;22.04;22.44;22.26;21.82;21.96;22.47;22.14;22.7;22.17;22.22;22.76;21.99;22.05;22.42;22.29;22.05;22.56;22.68;22.07;22.21;21.8;21.62;21.91;21.44;22.16;21.63;22.77;22.59;22.25;22.56;21.6;21.9;22.11;22.24;22.65;22.52;22.62;22.06;21.98;21.98;22.45;22.27;22.55;21.9;22.87;22.14;22.73;22.47;21.62;22.03;21.31;22.22;22.71;22.69;22.34;22.17;21.94;21.88;21.95;22.57;22.93
1986;3;22.23;22.49;22.49;22.47;22.08;22.09;22.5;22.27;22.68;22.33;22.44;22.73;22.04;22.23;22.43;22.53;22.46;22.59;22.68;22.32;22.29;21.96;21.79;22.21;21.5;22.42;21.76;22.75;22.59;22.48;22.6;21.98;22.24;22.43;22.36;22.66;22.58;22.62;22.33;22.16;22.05;22.8;22.27;22.56;22.17;22.98;22.3;22.87;22.46;21.77;22.44;21.65;22.47;22.85;22.69;22.59;22.49;22.29;22.31;22.23;22.83;23
1986;4;22.1;22.23;22.17;22.24;21.52;21.47;22.08;21.5;21.93;21.74;22.19;22.01;21.06;21.91;22.11;21.83;22.02;22.14;22.13;22.1;22.04;21.21;20.93;22.14;20.74;21.77;20.98;22.14;21.88;21.73;21.74;21.83;22.13;21.99;21.43;22.17;22.18;21.82;21.86;22.01;21.62;21.92;21.88;21.95;21.72;22.15;21.43;21.82;21.58;21.29;22.16;21.45;21.95;21.81;21.96;22.12;22.03;22.06;22.16;22.13;21.87;22.16
1986;5;21.33;21.29;21.59;21.47;20.01;20.48;21.42;20.81;21.33;20.69;21.39;21.43;19.65;20.98;21.53;20.47;20.93;21.53;21.53;21.28;21.45;20.05;19.69;21.49;19.61;20.33;19.91;21.58;21.31;20.47;21.17;21.29;21.36;20.96;19.97;21.61;21.59;21.26;20.57;21.46;20.7;20.88;21.21;21.39;20.36;21.46;20.12;21;21.04;20.89;21.3;21.05;20.9;21.07;21.41;21.16;20.87;21.15;21.37;21.43;20.93;21.53
1986;6;20.23;20.17;20.56;20.23;18.24;19.21;20.36;20.21;20.35;19.36;20.12;20.44;18.14;19.62;20.54;18.67;19.59;20.52;20.57;20.09;20.47;18.71;18.31;20.55;18.37;18.48;18.66;20.71;20.36;18.99;20.3;20.42;20.32;19.7;18.25;20.67;20.54;20.44;18.89;20.55;19.36;20.17;20.09;20.65;18.67;20.55;18.65;20.32;20.22;20.22;20.24;20.32;19.6;20.27;20.45;19.89;19.36;19.9;20.39;20.41;20.21;20.63
1986;7;19.43;19.39;19.74;19.35;17.61;18.72;19.66;19.94;19.97;18.7;19.22;20.01;17.36;18.82;19.77;17.65;18.59;19.76;19.94;19.25;19.79;18.11;17.66;19.99;18.08;17.54;18.22;20.11;19.86;18.09;19.82;19.98;19.62;18.88;17.3;19.95;19.74;19.95;17.98;19.98;18.83;19.95;19.46;20.16;17.88;20.24;17.83;19.99;19.76;19.97;19.53;20.09;18.79;19.92;19.95;19.03;18.33;19.01;19.77;19.7;19.93;20.24
1986;8;20.31;20.54;20.52;20.35;19.6;20.15;20.84;20.39;21.31;20.15;20.31;21.33;19.4;20.31;20.5;19.52;20.09;20.81;21.02;20.22;20.45;19.83;19.55;20.7;19.8;19.53;19.91;21.04;20.96;19.95;20.82;20.76;20.51;20.26;19.42;20.82;20.71;20.86;19.74;20.58;20.51;20.85;20.76;20.74;19.72;21.51;19.78;20.7;20.66;20.5;20.64;20.8;20.2;20.92;21.09;20.32;19.88;20.14;20.72;20.47;20.79;21.46
1986;9;21.82;21.88;22.17;22.12;21.79;21.57;22.69;21.22;23.33;21.74;22.13;23.3;21.32;22.32;22.08;21.66;21.86;22.58;22.8;21.85;21.83;21.39;21.15;21.86;21.15;21.69;21.27;22.67;22.77;21.78;22.54;21.72;21.85;21.83;21.49;22.47;22.45;22.48;21.83;21.78;22.6;22.28;22.72;21.91;21.85;23.49;21.6;22.02;22.28;21.31;21.89;21.61;21.82;22.57;22.92;21.9;21.83;21.81;21.87;21.84;22.2;23.37
1986;10;22.38;22.41;22.74;22.73;22.36;22;23.16;21.73;23.87;22.2;22.73;23.79;21.84;22.85;22.61;22.36;22.41;23.05;23.2;22.44;22.37;21.81;21.6;22.29;21.49;22.31;21.67;23.01;23.18;22.26;22.93;22.07;22.34;22.32;22.14;22.9;22.95;22.84;22.4;22.28;23.1;22.68;23.26;22.38;22.38;23.96;22.09;22.44;22.67;21.76;22.36;21.88;22.3;22.91;23.33;22.41;22.46;22.4;22.29;22.36;22.6;23.79
1986;11;22.32;22.44;22.65;22.58;22.24;22.07;23.03;21.89;23.53;22.29;22.59;23.5;22.07;22.68;22.56;22.56;22.47;22.94;23.08;22.41;22.35;21.94;21.77;22.31;21.57;22.42;21.75;22.95;23.06;22.45;22.87;22.03;22.32;22.41;22.39;22.83;22.84;22.79;22.39;22.29;22.8;22.59;23.08;22.43;22.32;23.6;22.29;22.47;22.65;21.76;22.38;21.73;22.42;22.8;23.19;22.54;22.52;22.37;22.27;22.35;22.56;23.49
1986;12;22.25;22.05;22.65;22.58;22.34;21.82;22.84;21.71;22.93;22.02;22.58;23.01;21.91;22.62;22.6;22.48;22.23;22.81;22.91;22.42;22.5;21.71;21.56;22.08;21.42;22.47;21.58;22.84;22.79;22.23;22.61;21.55;22.12;22.1;22.23;22.77;22.76;22.63;22.46;22.29;22.56;22.17;22.78;22.53;22.41;23.01;22.07;22.38;22.45;21.46;21.94;21.17;22.12;22.52;22.9;22.21;22.44;22.24;21.83;22.28;22.28;23.06
1987;1;21.96;21.89;22.58;22.48;22.05;21.72;22.66;21.74;22.75;21.88;22.47;22.83;21.82;22.34;22.53;22.33;22.06;22.72;22.83;22.22;22.35;21.66;21.53;21.85;21.35;22.31;21.58;22.86;22.67;22.09;22.56;21.36;21.87;21.93;22.1;22.75;22.68;22.67;22.31;22.06;22.16;22.24;22.47;22.49;22.2;22.9;21.97;22.55;22.49;21.37;21.75;20.98;21.95;22.58;22.77;22.01;22.28;22.01;21.6;22.01;22.41;22.98
1987;2;22.07;22.05;22.76;22.59;22.18;22.05;22.93;22.25;23.05;22.21;22.58;23.17;22.07;22.51;22.7;22.36;22.15;22.96;23.11;22.28;22.44;21.93;21.78;22;21.57;22.34;21.79;23.11;23.03;22.27;22.95;21.6;22.01;22.12;22.24;22.98;22.9;22.97;22.36;22.16;22.42;22.75;22.77;22.72;22.27;23.22;22.19;22.98;22.81;21.73;21.98;21.34;22.21;23.02;23.16;22.31;22.32;22.1;21.82;22.11;22.88;23.35
1987;3;22.47;22.63;22.87;22.79;22.3;22.23;22.93;22.47;23.27;22.43;22.74;23.33;22.15;22.55;22.82;22.68;22.59;22.97;23.1;22.6;22.67;22.07;21.88;22.43;21.66;22.62;21.89;23.13;23.13;22.56;23.11;22.14;22.47;22.55;22.48;23.02;22.94;23.03;22.57;22.46;22.44;23.25;22.75;22.89;22.42;23.54;22.39;23.26;22.9;21.95;22.54;21.85;22.57;23.32;23.26;22.7;22.65;22.51;22.42;22.49;23.28;23.59
1987;4;22.45;22.56;22.42;22.55;21.86;21.83;22.41;21.84;22.44;22.09;22.5;22.51;21.52;22.25;22.35;22.22;22.35;22.44;22.47;22.42;22.3;21.6;21.36;22.39;21.13;22.15;21.39;22.43;22.31;22.11;22.17;22.11;22.44;22.32;21.89;22.44;22.46;22.15;22.22;22.3;22.01;22.44;22.27;22.23;22.06;22.67;21.87;22.2;21.93;21.58;22.47;21.74;22.3;22.28;22.42;22.46;22.37;22.4;22.45;22.44;22.33;22.66
1987;5;21.56;21.47;21.83;21.72;20.36;20.71;21.85;20.96;21.71;20.91;21.67;21.82;19.9;21.36;21.77;20.72;21.2;21.92;21.98;21.53;21.67;20.25;19.9;21.69;19.88;20.56;20.15;21.93;21.7;20.72;21.51;21.42;21.58;21.18;20.26;21.92;21.91;21.59;20.85;21.67;21.1;21.16;21.65;21.6;20.7;21.81;20.38;21.21;21.34;21.02;21.46;21.17;21.1;21.34;21.81;21.33;21.15;21.4;21.55;21.65;21.18;21.86
1987;6;20.3;20.34;20.66;20.31;18.39;19.38;20.52;20.4;20.64;19.55;20.18;20.74;18.2;19.68;20.66;18.71;19.71;20.68;20.82;20.17;20.58;18.85;18.43;20.71;18.54;18.5;18.8;20.94;20.66;19.09;20.59;20.64;20.45;19.86;18.32;20.84;20.67;20.69;18.92;20.66;19.55;20.41;20.25;20.81;18.73;20.88;18.73;20.51;20.48;20.46;20.43;20.55;19.77;20.54;20.78;20.03;19.42;20;20.61;20.5;20.43;20.94
1987;7;19.85;19.81;20.27;19.75;18;19.07;20.2;20.26;20.69;19.06;19.63;20.73;17.84;19.26;20.28;18.06;19.08;20.34;20.52;19.65;20.18;18.48;18.11;20.33;18.46;17.9;18.6;20.68;20.5;18.54;20.48;20.32;20.01;19.3;17.74;20.51;20.31;20.5;18.34;20.3;19.33;20.43;19.98;20.55;18.25;20.95;18.27;20.44;20.32;20.28;19.92;20.41;19.21;20.51;20.65;19.47;18.77;19.46;20.15;20.08;20.42;20.96
1987;8;21.09;21.06;21.3;21.13;20.1;20.63;21.57;20.96;22.13;20.61;21.1;22.13;19.79;20.98;21.28;20.1;20.64;21.55;21.73;20.99;21.21;20.32;20.04;21.36;20.25;20.09;20.41;21.73;21.68;20.39;21.51;21.27;21.18;20.74;19.83;21.56;21.48;21.52;20.36;21.31;21.16;21.35;21.51;21.39;20.27;22.29;20.19;21.25;21.32;21.06;21.11;21.26;20.64;21.52;21.84;20.73;20.54;20.86;21.25;21.23;21.33;22.22
1987;9;22.23;22.12;22.8;22.69;22.3;21.89;23.25;21.84;23.84;22.08;22.7;23.85;21.6;22.9;22.73;21.83;22.09;23.18;23.39;22.34;22.51;21.7;21.48;22.27;21.44;21.98;21.57;23.24;23.28;22.08;23;22.07;22.2;22.12;21.68;23.05;23.04;23.02;22.24;22.34;23.18;22.65;23.26;22.54;22.33;23.93;21.89;22.51;22.82;21.85;22.16;21.96;22.15;22.99;23.47;22.24;22.14;22.14;22.15;22.29;22.65;23.85
1987;10;22.75;22.67;23.04;23.06;22.68;22.26;23.56;22.12;24.21;22.45;23.05;24.17;22.13;23.22;22.95;22.74;22.74;23.4;23.58;22.82;22.78;22.07;21.87;22.72;21.84;22.67;21.95;23.37;23.6;22.62;23.33;22.46;22.71;22.65;22.48;23.23;23.27;23.19;22.75;22.74;23.49;22.98;23.67;22.72;22.73;24.29;22.41;22.73;23.02;22.18;22.66;22.25;22.61;23.27;23.78;22.74;22.82;22.73;22.61;22.77;22.91;24.16
1987;11;22.91;22.85;23.26;23.26;23.02;22.47;23.64;22.45;23.97;22.69;23.27;23.98;22.53;23.39;23.2;23.08;22.94;23.57;23.68;23.04;23.06;22.38;22.21;22.84;22.07;23.05;22.2;23.52;23.6;22.9;23.39;22.49;22.85;22.83;22.88;23.42;23.46;23.32;23.1;22.92;23.49;23;23.65;23.07;23.07;23.99;22.74;22.97;23.16;22.34;22.74;22.21;22.81;23.28;23.72;22.88;23.09;22.93;22.7;22.92;23.03;23.99
1987;12;22.91;22.6;23.22;23.27;22.76;22.29;23.37;22.14;23.47;22.45;23.25;23.52;22.3;23.21;23.19;22.88;22.74;23.35;23.42;23.06;23.1;22.15;22;22.71;21.92;22.86;22.05;23.36;23.26;22.62;23.08;22.21;22.75;22.59;22.55;23.31;23.3;23.12;22.97;22.89;23.15;22.59;23.32;22.98;22.9;23.49;22.45;22.75;22.94;22.01;22.51;21.84;22.56;22.95;23.36;22.65;22.98;22.88;22.45;22.91;22.69;23.53
1988;1;23.03;22.83;23.33;23.39;22.83;22.3;23.44;22.48;23.31;22.55;23.37;23.38;22.41;23.21;23.26;23.05;22.97;23.48;23.53;23.14;23.15;22.2;22.05;22.85;21.89;23.04;22.07;23.48;23.24;22.8;23.12;22.31;22.9;22.78;22.74;23.44;23.45;23.3;23.11;22.96;23;22.72;23.25;23.21;22.99;23.42;22.6;23.2;23.12;22.18;22.69;21.79;22.73;23.14;23.3;22.86;23.13;23.01;22.6;23.02;22.94;23.48
1988;2;22.71;22.74;23.38;23.2;22.51;22.44;23.51;23;23.79;22.72;23.15;23.88;22.52;22.97;23.33;22.99;22.8;23.58;23.76;22.93;23.12;22.35;22.16;22.65;21.91;22.9;22.12;23.82;23.71;22.88;23.67;22.29;22.65;22.76;22.82;23.65;23.52;23.7;22.88;22.83;22.9;23.41;23.31;23.45;22.7;23.98;22.71;23.68;23.56;22.39;22.66;22;22.82;23.75;23.83;22.91;22.95;22.73;22.52;22.76;23.56;24.06
1988;3;22.74;22.82;23.24;23.09;22.53;22.47;23.33;22.91;23.69;22.67;23.06;23.74;22.39;22.92;23.18;22.87;22.79;23.38;23.5;22.87;22.98;22.27;22.08;22.74;21.88;22.81;22.08;23.53;23.46;22.78;23.4;22.41;22.73;22.76;22.69;23.43;23.35;23.34;22.81;22.82;22.82;23.55;23.18;23.24;22.68;23.99;22.61;23.44;23.16;22.37;22.75;22.17;22.79;23.6;23.6;22.92;22.87;22.73;22.64;22.8;23.52;23.99
1988;4;22.66;22.7;22.82;22.83;21.94;21.91;22.79;21.97;22.64;22.15;22.77;22.73;21.5;22.49;22.74;22.28;22.45;22.82;22.84;22.65;22.64;21.6;21.33;22.69;21.18;22.21;21.42;22.8;22.58;22.17;22.4;22.37;22.65;22.43;21.9;22.84;22.84;22.44;22.33;22.62;22.21;22.35;22.63;22.5;22.18;22.8;21.9;22.22;22.17;21.88;22.63;22.01;22.38;22.35;22.68;22.58;22.49;22.56;22.66;22.7;22.31;22.84
1988;5;21.68;21.6;22;21.87;20.5;20.74;21.95;21.21;21.84;20.94;21.8;21.94;19.89;21.45;21.94;20.72;21.2;22;22.04;21.61;21.83;20.35;19.97;21.86;19.92;20.65;20.23;22.01;21.79;20.7;21.6;21.6;21.73;21.23;20.22;22.03;22.02;21.69;20.96;21.82;21.21;21.25;21.8;21.78;20.81;21.93;20.39;21.38;21.44;21.25;21.57;21.36;21.14;21.46;21.9;21.35;21.13;21.45;21.69;21.79;21.3;21.98
1988;6;20.52;20.56;20.85;20.52;18.57;19.65;20.68;20.58;20.73;19.8;20.4;20.83;18.45;19.91;20.84;18.96;19.89;20.81;20.93;20.4;20.8;19.13;18.73;20.87;18.82;18.73;19.09;21.04;20.77;19.28;20.72;20.8;20.63;20.05;18.54;20.97;20.82;20.79;19.15;20.88;19.69;20.51;20.42;20.97;18.95;20.95;18.95;20.66;20.58;20.64;20.62;20.75;20;20.67;20.89;20.31;19.65;20.2;20.77;20.71;20.55;21.02
1988;7;19.61;19.61;20.11;19.62;18.03;18.9;19.88;20.28;20.29;18.9;19.48;20.35;17.67;19.1;20.17;17.96;18.83;20.03;20.2;19.48;20.12;18.37;17.95;20.11;18.33;17.9;18.47;20.43;20.18;18.36;20.18;20.2;19.79;19.09;17.6;20.3;20.04;20.28;18.32;20.18;19.17;20.29;19.65;20.53;18.22;20.57;18.13;20.37;20.1;20.23;19.74;20.39;19.02;20.29;20.31;19.23;18.59;19.21;19.95;19.87;20.28;20.59
1988;8;20.55;20.66;20.93;20.7;19.94;20.31;21.15;20.79;21.6;20.34;20.64;21.66;19.56;20.57;20.93;19.7;20.23;21.13;21.35;20.5;20.88;20.01;19.74;20.95;20.01;19.73;20.12;21.38;21.3;20.1;21.14;20.99;20.72;20.42;19.53;21.19;21.06;21.17;19.96;20.95;20.85;21.08;21.05;21.17;19.94;21.81;19.94;20.99;20.94;20.87;20.78;21.08;20.41;21.16;21.46;20.56;20.05;20.32;20.85;20.75;21.04;21.79
1988;9;22.19;22.21;22.36;22.33;22.03;21.86;23;21.63;23.72;21.99;22.32;23.72;21.65;22.54;22.28;21.97;22.15;22.82;23.11;22.17;22.15;21.65;21.45;22.26;21.49;22;21.56;22.89;23.12;22.08;22.82;22.07;22.22;22.13;21.86;22.67;22.64;22.73;22.06;22.17;22.95;22.41;23.09;22.25;22.03;23.87;21.92;22.22;22.51;21.71;22.22;21.92;22.09;22.72;23.31;22.18;22.12;22.14;22.21;22.23;22.36;23.73
1988;10;22.67;22.62;23.12;23.07;22.93;22.26;23.62;22.11;24.09;22.47;23.08;24.09;22.25;23.3;23.01;22.76;22.63;23.5;23.68;22.78;22.77;22.12;21.95;22.61;21.83;22.78;21.98;23.45;23.57;22.61;23.27;22.36;22.61;22.58;22.53;23.32;23.37;23.2;22.84;22.63;23.57;22.79;23.67;22.74;22.86;24.13;22.45;22.66;22.97;22.09;22.57;22.15;22.57;23.1;23.74;22.65;22.79;22.65;22.55;22.68;22.78;24.07
1988;11;22.69;22.55;23.17;23.16;22.79;22.28;23.42;22.27;23.62;22.53;23.16;23.68;22.4;23.19;23.1;22.88;22.64;23.37;23.48;22.85;22.93;22.2;22.01;22.66;21.82;22.83;22;23.37;23.35;22.7;23.13;22.3;22.63;22.6;22.7;23.29;23.3;23.14;22.9;22.75;23.19;22.59;23.38;22.91;22.87;23.59;22.57;22.73;22.95;22.16;22.5;22.03;22.62;22.97;23.47;22.68;22.84;22.66;22.49;22.73;22.68;23.64
1988;12;22.27;22.08;22.72;22.69;22.2;21.78;22.72;21.56;22.68;21.93;22.66;22.76;21.92;22.48;22.67;22.42;22.15;22.79;22.83;22.42;22.5;21.72;21.58;22.14;21.45;22.38;21.61;22.84;22.61;22.13;22.46;21.65;22.15;22.05;22.19;22.81;22.78;22.57;22.42;22.27;22.33;21.96;22.58;22.45;22.3;22.73;22.03;22.23;22.37;21.43;21.97;21.22;22.02;22.37;22.69;22.09;22.38;22.24;21.93;22.29;22.09;22.8
1989;1;22.02;22.02;22.42;22.4;22.11;21.64;22.49;21.53;22.42;21.88;22.39;22.53;21.75;22.26;22.36;22.37;22.14;22.53;22.6;22.19;22.17;21.54;21.36;21.86;21.23;22.34;21.39;22.61;22.44;22.08;22.34;21.45;21.93;21.98;22.11;22.54;22.51;22.41;22.32;21.96;22.05;21.97;22.29;22.25;22.21;22.54;21.92;22.21;22.23;21.29;21.86;21.06;21.99;22.31;22.53;22.07;22.31;22.08;21.75;22.01;22.1;22.65
1989;2;21.96;22;22.36;22.25;22.01;21.86;22.41;21.86;22.56;22.03;22.22;22.65;21.96;22.12;22.31;22.31;22.09;22.45;22.56;22.09;22.11;21.75;21.61;21.87;21.42;22.26;21.6;22.59;22.47;22.18;22.37;21.49;21.91;22.04;22.18;22.51;22.42;22.39;22.18;21.94;22;22.27;22.27;22.32;22.07;22.73;22.09;22.38;22.2;21.39;21.93;21.15;22.09;22.43;22.58;22.19;22.22;22;21.8;21.97;22.34;22.81
1989;3;22.14;22.37;22.46;22.43;22.2;22.07;22.49;22.14;22.68;22.3;22.41;22.75;22.03;22.26;22.41;22.53;22.37;22.53;22.63;22.29;22.26;21.95;21.75;22.09;21.46;22.47;21.72;22.69;22.58;22.42;22.55;21.88;22.14;22.34;22.34;22.6;22.52;22.54;22.39;22.12;22.11;22.73;22.32;22.48;22.25;22.96;22.26;22.69;22.38;21.68;22.31;21.58;22.4;22.69;22.68;22.5;22.46;22.22;22.15;22.16;22.72;22.99
1989;4;22.25;22.27;22.4;22.39;21.52;21.49;22.33;21.63;22.11;21.74;22.33;22.21;20.97;22.04;22.31;21.81;22.03;22.4;22.39;22.22;22.21;21.21;20.91;22.3;20.74;21.74;21.03;22.37;22.11;21.69;21.94;22.02;22.27;22.01;21.35;22.41;22.42;22.02;21.87;22.2;21.79;22.02;22.15;22.09;21.71;22.28;21.4;21.9;21.77;21.5;22.23;21.63;21.95;21.96;22.19;22.15;22.04;22.15;22.26;22.29;21.98;22.33
1989;5;21.33;21.2;21.72;21.47;20.06;20.28;21.63;20.88;21.5;20.48;21.39;21.6;19.25;21.1;21.67;20.18;20.77;21.73;21.77;21.27;21.53;19.75;19.33;21.55;19.41;20.08;19.66;21.79;21.49;20.15;21.32;21.26;21.37;20.79;19.61;21.79;21.74;21.43;20.43;21.55;20.9;20.92;21.44;21.51;20.32;21.59;19.77;21.06;21.18;20.95;21.19;21.04;20.7;21.17;21.59;20.96;20.7;21.09;21.32;21.48;20.99;21.67
1989;6;20.08;20.11;20.38;20.08;18.51;19.29;20.32;20.25;20.44;19.41;19.98;20.54;18.16;19.64;20.36;18.65;19.53;20.42;20.54;19.96;20.31;18.73;18.36;20.45;18.54;18.49;18.74;20.61;20.4;18.94;20.3;20.36;20.21;19.67;18.26;20.53;20.4;20.39;18.89;20.44;19.54;20.19;20.13;20.52;18.78;20.62;18.64;20.31;20.2;20.28;20.18;20.38;19.62;20.28;20.51;19.94;19.28;19.79;20.28;20.28;20.22;20.68
1989;7;19.86;19.75;20.19;19.7;17.84;19.04;20.05;20.18;20.47;19.05;19.55;20.52;17.82;19.12;20.22;17.99;18.98;20.2;20.4;19.61;20.12;18.51;18.13;20.33;18.46;17.88;18.6;20.57;20.33;18.52;20.29;20.28;20.01;19.26;17.72;20.41;20.17;20.39;18.3;20.3;19.17;20.28;19.82;20.48;18.13;20.7;18.28;20.34;20.21;20.21;19.9;20.35;19.18;20.33;20.47;19.46;18.7;19.41;20.14;20.1;20.29;20.71
1989;8;20.66;20.78;20.92;20.69;19.83;20.48;21.13;20.75;21.66;20.48;20.63;21.68;19.67;20.49;20.91;19.66;20.35;21.15;21.37;20.56;20.83;20.17;19.87;21.05;20.27;19.71;20.27;21.39;21.29;20.22;21.11;21.07;20.83;20.52;19.57;21.2;21.06;21.19;19.99;20.96;20.69;21.08;21;21.12;19.94;21.83;20.05;21;20.97;20.88;20.85;21.18;20.49;21.18;21.45;20.57;20.14;20.43;20.99;20.83;21.05;21.78
1989;9;22.14;22.21;22.72;22.65;22.52;21.98;23.39;21.63;24.12;22.08;22.68;24.13;21.73;23.01;22.61;21.95;22.09;23.22;23.49;22.25;22.31;21.79;21.58;22.21;21.64;22.07;21.74;23.23;23.52;22.09;23.2;22.06;22.17;22.13;21.83;23.03;23.04;23.04;22.32;22.19;23.43;22.69;23.51;22.35;22.45;24.16;21.95;22.44;22.81;21.73;22.2;21.98;22.13;23.09;23.72;22.15;22.16;22.1;22.21;22.2;22.66;24.09
1989;10;23.03;23.05;23.43;23.46;23.09;22.59;24.1;22.29;24.65;22.78;23.48;24.64;22.38;23.69;23.3;23.13;23.11;23.91;24.12;23.14;23.03;22.38;22.16;23.06;22.16;23.11;22.23;23.82;24.05;22.91;23.71;22.73;23.05;22.99;22.76;23.68;23.74;23.57;23.19;22.99;23.97;23.21;24.22;22.93;23.15;24.68;22.68;22.91;23.32;22.35;23;22.47;22.95;23.54;24.24;23.04;23.19;23.05;22.96;23.08;23.14;24.59
1989;11;22.77;22.85;23.23;23.22;22.82;22.5;23.74;22.38;24.03;22.67;23.24;24.05;22.38;23.37;23.14;22.94;22.85;23.61;23.77;22.91;22.95;22.33;22.17;22.78;22.05;22.88;22.22;23.56;23.71;22.81;23.48;22.51;22.75;22.79;22.73;23.43;23.48;23.39;22.94;22.81;23.49;23.05;23.79;22.98;22.91;24.05;22.63;23.01;23.23;22.27;22.79;22.23;22.79;23.35;23.83;22.89;22.95;22.78;22.74;22.82;23.06;24.01
1989;12;22.46;22.38;22.97;22.94;22.72;22.12;23.23;21.87;23.14;22.29;22.95;23.24;22.28;22.96;22.9;22.85;22.56;23.23;23.35;22.67;22.7;22;21.86;22.31;21.77;22.82;21.91;23.24;23.07;22.54;22.84;21.84;22.37;22.39;22.6;23.15;23.16;23.01;22.83;22.43;22.88;22.37;23.12;22.75;22.78;23.17;22.4;22.68;22.81;21.63;22.24;21.4;22.38;22.76;23.16;22.45;22.78;22.52;22.13;22.46;22.53;23.23
1990;1;22.82;22.59;23.25;23.14;22.6;22.17;23.37;22.45;23.23;22.39;23.11;23.38;22.28;22.98;23.21;22.88;22.68;23.38;23.51;22.94;23.06;22.07;21.94;22.77;21.81;22.85;21.96;23.49;23.34;22.59;23.17;22.21;22.76;22.56;22.59;23.4;23.34;23.31;22.87;22.87;22.8;22.68;23.22;23.2;22.74;23.26;22.44;23.15;23.13;22.13;22.49;21.76;22.53;23.11;23.42;22.65;22.87;22.76;22.47;22.87;22.91;23.42
1990;2;22.66;22.58;23.34;23.09;22.43;22.45;23.47;22.85;23.51;22.6;23.08;23.62;22.47;23;23.29;22.74;22.66;23.54;23.65;22.82;23.03;22.33;22.19;22.65;22.02;22.63;22.19;23.72;23.51;22.73;23.42;22.27;22.61;22.62;22.65;23.6;23.5;23.59;22.68;22.82;22.89;23.29;23.26;23.41;22.58;23.67;22.62;23.68;23.42;22.38;22.53;22.02;22.66;23.54;23.61;22.77;22.76;22.62;22.41;22.74;23.46;23.77
1990;3;22.74;22.89;23.08;22.98;22.48;22.39;23.12;22.79;23.42;22.62;22.94;23.49;22.28;22.77;23.02;22.84;22.81;23.18;23.28;22.81;22.84;22.16;21.95;22.75;21.76;22.78;21.97;23.35;23.26;22.71;23.2;22.42;22.75;22.77;22.61;23.25;23.16;23.18;22.74;22.75;22.63;23.52;22.95;23.1;22.6;23.74;22.51;23.35;23;22.3;22.81;22.1;22.78;23.46;23.4;22.95;22.84;22.75;22.72;22.78;23.46;23.75
1990;4;22.8;22.84;22.87;22.92;22;22.12;22.81;22.16;22.71;22.37;22.86;22.81;21.63;22.54;22.79;22.45;22.61;22.89;22.89;22.77;22.72;21.85;21.56;22.83;21.38;22.34;21.64;22.88;22.64;22.31;22.47;22.51;22.81;22.59;22.03;22.9;22.92;22.53;22.43;22.74;22.28;22.44;22.62;22.6;22.23;22.9;22.03;22.35;22.27;22.02;22.74;22.13;22.57;22.43;22.75;22.75;22.63;22.71;22.77;22.83;22.41;22.93
1990;5;21.79;21.78;22.13;21.94;20.52;20.94;22.04;21.27;21.96;21.14;21.86;22.06;20.19;21.5;22.06;20.95;21.39;22.13;22.18;21.76;21.92;20.54;20.24;21.93;20.19;20.79;20.42;22.19;21.93;20.94;21.77;21.74;21.81;21.44;20.46;22.19;22.15;21.83;21.03;21.91;21.24;21.45;21.82;21.88;20.84;22.15;20.63;21.5;21.58;21.36;21.8;21.5;21.38;21.66;22.05;21.64;21.36;21.62;21.87;21.88;21.48;22.2
1990;6;20.84;20.87;21.04;20.72;18.77;20;20.97;20.8;21.23;20.05;20.59;21.31;18.58;20.15;21.03;19.16;20.18;21.05;21.2;20.66;20.97;19.3;18.88;21.22;19.24;18.92;19.31;21.3;21.12;19.49;21.03;21.14;20.99;20.34;18.68;21.2;21.04;21.08;19.34;21.12;20.02;20.84;20.77;21.16;19.14;21.46;19.12;20.93;20.88;20.89;20.96;21.08;20.25;20.98;21.27;20.57;19.91;20.54;21.11;21.02;20.87;21.49
1990;7;20.23;20.15;20.55;20.2;18.58;19.46;20.63;20.53;21.24;19.44;20.09;21.28;18.33;19.81;20.56;18.56;19.45;20.65;20.85;20.06;20.55;18.9;18.54;20.69;18.91;18.49;19.01;20.95;20.93;18.92;20.83;20.65;20.38;19.66;18.25;20.79;20.62;20.81;18.92;20.7;19.95;20.81;20.54;20.85;18.82;21.52;18.72;20.71;20.64;20.59;20.27;20.75;19.56;20.88;21.11;19.81;19.2;19.84;20.47;20.47;20.76;21.48
1990;8;21.07;21.18;21.29;21.11;20.54;21;21.88;21.15;22.39;20.99;21.12;22.42;20.2;21.28;21.28;20.29;20.89;21.75;22.04;21;21.21;20.7;20.45;21.36;20.75;20.3;20.8;21.96;22.07;20.77;21.91;21.42;21.22;21.01;20.09;21.69;21.58;21.89;20.54;21.31;21.65;21.94;21.89;21.57;20.58;22.55;20.61;21.7;21.72;21.22;21.28;21.5;20.99;22.05;22.2;21.06;20.7;20.91;21.34;21.21;21.84;22.51
1990;9;22.57;22.29;22.9;23.12;22.81;22.05;23.68;21.97;24.06;22.12;23.15;24.11;21.76;23.35;22.78;22.25;22.3;23.47;23.7;22.66;22.61;21.86;21.69;22.46;21.75;22.45;21.8;23.34;23.7;22.2;23.43;22.27;22.47;22.25;21.89;23.16;23.28;23.21;22.76;22.48;23.56;23.16;23.75;22.59;22.84;24.17;22.06;22.77;23.01;22;22.32;22.22;22.18;23.42;23.85;22.25;22.53;22.49;22.36;22.55;23.05;24.15
1990;10;23.04;23;23.61;23.49;23.11;22.62;24.22;22.65;24.67;22.78;23.52;24.68;22.46;23.77;23.47;22.87;22.92;24.07;24.27;23.11;23.19;22.45;22.27;23.07;22.15;22.87;22.3;23.99;24.21;22.84;23.91;22.77;23.03;22.89;22.65;23.84;23.91;23.76;23.06;23.09;23.98;23.48;24.3;23.21;23.14;24.76;22.68;23.2;23.55;22.61;22.94;22.55;22.87;23.73;24.38;22.94;22.99;22.97;22.96;23.09;23.4;24.67
1990;11;23.02;22.95;23.53;23.43;22.98;22.65;23.8;22.64;24.06;22.82;23.42;24.1;22.59;23.44;23.46;23.1;22.94;23.77;23.89;23.16;23.27;22.53;22.36;23;22.22;23.05;22.41;23.77;23.77;22.9;23.55;22.66;22.97;22.9;22.87;23.68;23.69;23.55;23.11;23.1;23.54;23.08;23.8;23.27;23.05;24.08;22.78;23.14;23.37;22.53;22.89;22.39;22.89;23.41;23.89;22.97;23.09;22.98;22.89;23.06;23.14;24.07
1990;12;22.71;22.63;23.11;23.06;22.7;22.24;23.2;22.16;23.23;22.41;23.04;23.32;22.27;22.95;23.06;22.88;22.69;23.24;23.32;22.85;22.91;22.12;21.94;22.6;21.85;22.87;21.98;23.32;23.18;22.63;23.06;22.18;22.63;22.56;22.61;23.24;23.21;23.11;22.89;22.72;22.82;22.52;23.07;22.97;22.8;23.27;22.45;22.86;22.94;22.03;22.47;21.79;22.52;22.98;23.28;22.57;22.87;22.72;22.45;22.72;22.7;23.39
1991;1;22.47;22.3;23;22.83;22.43;22.05;23.1;22.32;23.25;22.24;22.8;23.35;22.13;22.72;22.96;22.7;22.4;23.13;23.26;22.63;22.82;21.91;21.74;22.43;21.63;22.66;21.77;23.26;23.22;22.46;23.16;21.94;22.39;22.32;22.49;23.16;23.08;23.14;22.63;22.62;22.65;22.88;22.95;23.05;22.53;23.41;22.31;23.16;22.99;22.01;22.2;21.58;22.32;23.22;23.32;22.39;22.6;22.43;22.16;22.52;23.02;23.51
1991;2;22.42;22.36;22.97;22.79;22.32;22.32;23.13;22.55;23.38;22.49;22.77;23.48;22.31;22.67;22.92;22.73;22.44;23.16;23.32;22.58;22.73;22.19;22;22.39;21.81;22.64;22;23.3;23.3;22.59;23.21;21.99;22.38;22.42;22.58;23.18;23.1;23.2;22.58;22.55;22.58;23.15;22.96;23.04;22.44;23.62;22.48;23.27;23.04;22.1;22.28;21.79;22.48;23.33;23.43;22.54;22.6;22.41;22.18;22.47;23.22;23.68
1991;3;22.56;22.75;22.94;22.84;22.45;22.39;23.1;22.74;23.49;22.59;22.82;23.52;22.32;22.71;22.88;22.83;22.7;23.12;23.26;22.69;22.72;22.19;21.99;22.6;21.79;22.75;22.01;23.23;23.25;22.71;23.19;22.34;22.6;22.67;22.65;23.12;23.07;23.1;22.69;22.6;22.65;23.44;22.97;23;22.56;23.76;22.54;23.28;22.95;22.25;22.67;22.05;22.7;23.36;23.38;22.8;22.78;22.6;22.61;22.6;23.38;23.74
1991;4;22.65;22.75;22.66;22.74;22.01;22.1;22.66;22.02;22.62;22.29;22.7;22.69;21.73;22.42;22.58;22.44;22.6;22.71;22.73;22.63;22.53;21.84;21.62;22.67;21.44;22.33;21.68;22.69;22.51;22.33;22.37;22.39;22.67;22.54;22.12;22.7;22.72;22.39;22.39;22.55;22.13;22.47;22.48;22.44;22.22;22.83;22.09;22.28;22.16;21.87;22.68;22.02;22.49;22.39;22.62;22.65;22.59;22.61;22.67;22.67;22.39;22.82
1991;5;21.62;21.55;21.94;21.8;20.34;20.76;21.84;21.15;21.79;20.92;21.72;21.87;19.99;21.37;21.9;20.63;21.09;21.92;21.94;21.57;21.8;20.33;20.02;21.84;19.97;20.51;20.23;21.97;21.7;20.65;21.53;21.6;21.67;21.18;20.22;21.99;21.94;21.63;20.83;21.8;21.12;21.27;21.67;21.74;20.67;21.92;20.39;21.33;21.38;21.21;21.58;21.37;21.12;21.42;21.8;21.4;21.06;21.39;21.7;21.75;21.29;21.95
1991;6;20.3;20.3;20.95;20.53;18.61;19.43;20.87;20.57;21.08;19.53;20.44;21.15;18.35;20.09;20.93;18.81;19.69;20.97;21.09;20.25;20.73;18.93;18.58;20.72;18.67;18.6;18.89;21.22;20.99;19.09;20.9;20.64;20.45;19.83;18.41;21.12;20.96;21;19.11;20.73;19.93;20.76;20.67;21.01;19;21.29;18.8;20.89;20.81;20.53;20.39;20.61;19.73;20.88;21.12;20.03;19.5;20.01;20.56;20.51;20.8;21.31
1991;7;19.7;19.47;20.3;19.81;17.96;18.62;20.35;20.17;20.72;18.67;19.7;20.77;17.36;19.42;20.31;17.82;18.78;20.4;20.63;19.58;20.2;18.08;17.66;20.17;17.98;17.76;18.15;20.74;20.57;18.16;20.48;20.11;19.84;18.97;17.37;20.56;20.34;20.59;18.32;20.22;19.49;20.39;20.19;20.57;18.25;20.96;17.86;20.47;20.39;20.12;19.63;20.22;18.82;20.47;20.72;19.06;18.59;19.28;19.92;19.95;20.4;20.96
1991;8;21.01;20.74;21.25;21.17;20.36;20.49;21.63;20.94;22.1;20.47;21.11;22.15;19.57;21.08;21.21;20.06;20.47;21.56;21.81;20.96;21.17;20.21;19.89;21.26;20.22;20.15;20.27;21.75;21.75;20.24;21.55;21.07;21.07;20.54;19.64;21.54;21.45;21.61;20.47;21.25;21.28;21.45;21.58;21.37;20.48;22.25;20.03;21.39;21.41;20.97;20.8;21.15;20.43;21.62;21.9;20.48;20.48;20.77;20.98;21.16;21.42;22.23
1991;9;22.4;22.16;22.7;22.75;22.51;21.83;23.36;21.68;24.02;21.96;22.75;23.98;21.58;22.97;22.58;22.21;22.28;23.2;23.43;22.43;22.37;21.61;21.41;22.35;21.37;22.31;21.5;23.15;23.39;22.12;23.08;22.09;22.35;22.14;21.91;22.98;23.03;22.94;22.46;22.31;23.33;22.77;23.49;22.34;22.5;24.15;21.92;22.46;22.72;21.8;22.14;21.98;22.03;23.1;23.54;22.07;22.36;22.36;22.19;22.4;22.69;24
1991;10;22.47;22.6;22.78;22.74;22.44;22.15;23.26;21.84;24.01;22.33;22.71;23.98;21.97;22.85;22.7;22.46;22.5;23.12;23.34;22.51;22.5;21.97;21.77;22.5;21.66;22.4;21.82;23.13;23.42;22.4;23.19;22.3;22.49;22.48;22.23;22.99;22.99;22.96;22.44;22.42;23.16;22.95;23.39;22.49;22.41;24.17;22.22;22.62;22.79;21.91;22.55;22.05;22.47;23.18;23.59;22.56;22.51;22.46;22.53;22.49;22.86;24.05
1991;11;22.29;22.25;22.81;22.72;22.4;22.03;23.1;21.85;23.24;22.22;22.73;23.31;22.06;22.8;22.73;22.5;22.3;23.07;23.18;22.45;22.52;21.9;21.73;22.24;21.6;22.47;21.74;23.06;23.05;22.36;22.85;21.97;22.24;22.28;22.3;22.98;22.99;22.84;22.51;22.33;22.83;22.34;23.05;22.56;22.45;23.31;22.23;22.45;22.65;21.77;22.22;21.73;22.32;22.71;23.17;22.4;22.47;22.29;22.15;22.32;22.41;23.33
1991;12;22;21.86;22.74;22.59;22.16;21.65;22.76;21.69;22.75;21.88;22.56;22.83;21.77;22.43;22.69;22.32;22.04;22.82;22.91;22.25;22.44;21.56;21.35;21.85;21.19;22.29;21.34;22.93;22.66;22.11;22.49;21.37;21.88;21.92;22.12;22.87;22.8;22.65;22.32;22.07;22.32;22;22.59;22.52;22.24;22.82;21.96;22.36;22.44;21.34;21.73;21.04;21.95;22.4;22.75;22;22.27;22.03;21.65;22.02;22.17;22.88
1992;1;22.1;21.86;22.71;22.57;22.07;21.72;22.66;21.89;22.68;21.91;22.52;22.76;21.84;22.33;22.68;22.26;21.98;22.74;22.84;22.3;22.55;21.63;21.46;22.02;21.28;22.23;21.47;22.89;22.64;22.09;22.52;21.52;21.98;21.93;22.1;22.83;22.73;22.71;22.26;22.29;22.19;22.18;22.45;22.68;22.16;22.81;21.98;22.63;22.54;21.56;21.79;21.18;21.96;22.57;22.72;22.04;22.2;22.03;21.72;22.18;22.38;22.88
1992;2;22.13;22.16;22.78;22.58;22.09;21.83;22.92;22.31;23.02;22.05;22.56;23.12;21.93;22.51;22.73;22.32;22.16;22.96;23.09;22.31;22.47;21.74;21.58;22.09;21.33;22.3;21.55;23.09;22.95;22.2;22.85;21.7;22.09;22.12;22.15;22.98;22.91;22.95;22.32;22.23;22.38;22.63;22.74;22.8;22.23;23.19;22.08;23.03;22.78;21.84;22.06;21.44;22.17;22.97;23.04;22.28;22.31;22.13;21.92;22.18;22.81;23.29
1992;3;22.35;22.54;22.84;22.69;22.32;22.08;23.05;22.51;23.36;22.28;22.67;23.43;22;22.66;22.78;22.56;22.44;23.02;23.21;22.49;22.59;21.89;21.68;22.4;21.49;22.51;21.7;23.16;23.21;22.41;23.12;22.09;22.38;22.41;22.33;23.03;22.95;23.05;22.48;22.43;22.65;23.16;22.96;22.88;22.39;23.57;22.24;23.16;22.91;22;22.44;21.79;22.42;23.26;23.33;22.53;22.53;22.37;22.39;22.41;23.18;23.63
1992;4;22.2;22.14;22.32;22.32;21.49;21.36;22.38;21.67;22.53;21.6;22.29;22.59;20.97;22.09;22.24;21.74;21.93;22.39;22.44;22.17;22.13;21.09;20.84;22.15;20.63;21.7;20.93;22.37;22.32;21.57;22.18;21.84;22.15;21.87;21.34;22.37;22.39;22.12;21.84;22.11;21.93;22.15;22.28;22.09;21.7;22.71;21.31;22.01;21.92;21.44;22.07;21.54;21.81;22.19;22.44;22;21.98;22.1;22.08;22.21;22.11;22.73
1992;5;21.19;21.18;21.55;21.35;20;20.11;21.48;20.72;21.4;20.33;21.28;21.5;19.25;20.99;21.5;20.17;20.68;21.54;21.61;21.13;21.36;19.66;19.3;21.41;19.26;20.08;19.56;21.64;21.38;20.13;21.23;21.15;21.25;20.73;19.63;21.63;21.56;21.32;20.4;21.37;20.78;20.84;21.31;21.32;20.29;21.51;19.76;20.95;21.08;20.81;21.17;20.92;20.64;21.09;21.49;20.93;20.62;20.95;21.28;21.32;20.9;21.59
1992;6;20.21;20.13;20.8;20.41;18.42;19.12;20.7;20.36;20.94;19.33;20.28;21.03;17.75;19.89;20.79;18.55;19.49;20.81;20.96;20.15;20.62;18.61;18.14;20.54;18.17;18.38;18.5;21.08;20.88;18.83;20.82;20.41;20.3;19.63;17.96;20.97;20.8;20.87;18.9;20.58;19.78;20.63;20.53;20.84;18.77;21.13;18.4;20.69;20.69;20.34;20.18;20.4;19.55;20.82;21;19.85;19.33;19.88;20.37;20.4;20.66;21.2
1992;7;19.54;19.52;19.97;19.56;17.91;18.9;19.87;19.95;20.28;19.01;19.43;20.36;17.7;19.02;19.97;17.97;18.87;19.99;20.18;19.42;19.87;18.37;17.97;20;18.18;17.87;18.36;20.34;20.17;18.48;20.15;20.05;19.68;19.14;17.66;20.18;19.97;20.15;18.28;20;19.06;20.11;19.65;20.21;18.16;20.55;18.19;20.1;19.96;19.99;19.69;20.13;19.14;20.19;20.33;19.41;18.64;19.2;19.84;19.77;20.1;20.6
1992;8;20.41;20.58;20.58;20.37;19.7;20.28;20.9;20.49;21.46;20.31;20.32;21.49;19.61;20.32;20.59;19.68;20.17;20.84;21.11;20.31;20.54;19.97;19.73;20.77;19.94;19.61;19.98;21.1;21.14;20.05;20.98;20.79;20.57;20.35;19.54;20.89;20.74;20.92;19.77;20.66;20.61;20.9;20.84;20.81;19.74;21.71;19.91;20.71;20.71;20.57;20.69;20.84;20.35;21.02;21.32;20.52;19.96;20.22;20.75;20.57;20.83;21.67
1992;9;21.73;21.86;22.37;22.23;21.9;21.58;23.01;21.29;23.85;21.8;22.24;23.85;21.46;22.5;22.26;21.7;21.77;22.85;23.13;21.84;21.96;21.42;21.23;21.83;21.18;21.72;21.29;22.87;23.19;21.86;22.9;21.69;21.78;21.84;21.63;22.68;22.67;22.62;21.85;21.79;22.86;22.37;23.07;22;21.91;23.99;21.7;22;22.37;21.32;21.88;21.57;21.88;22.78;23.43;21.98;21.78;21.7;21.84;21.8;22.3;23.91
1992;10;22.38;22.48;22.7;22.68;22.31;22.08;23.25;21.76;23.83;22.32;22.69;23.84;22.04;22.87;22.57;22.49;22.48;23.06;23.25;22.44;22.35;21.94;21.73;22.4;21.59;22.35;21.74;22.97;23.26;22.46;22.92;22.16;22.39;22.44;22.33;22.87;22.94;22.74;22.39;22.31;23.13;22.65;23.39;22.31;22.35;23.93;22.27;22.31;22.53;21.81;22.44;21.93;22.44;22.86;23.45;22.54;22.51;22.4;22.4;22.4;22.55;23.83
1992;11;22.45;22.29;22.91;22.91;22.44;21.93;23.2;21.92;23.35;22.12;22.9;23.37;21.89;22.94;22.81;22.48;22.38;23.12;23.2;22.59;22.6;21.8;21.6;22.41;21.41;22.43;21.6;23.07;23.03;22.27;22.77;21.99;22.38;22.26;22.21;23.01;23.05;22.83;22.56;22.48;22.96;22.38;23.19;22.56;22.52;23.38;22.1;22.44;22.63;21.85;22.2;21.7;22.23;22.67;23.15;22.31;22.55;22.43;22.19;22.49;22.43;23.33
1992;12;21.97;21.82;22.53;22.51;22.17;21.59;22.75;21.51;22.69;21.82;22.52;22.75;21.71;22.52;22.47;22.21;21.97;22.76;22.81;22.19;22.27;21.53;21.35;21.89;21.2;22.21;21.4;22.75;22.55;21.97;22.33;21.42;21.89;21.87;22;22.69;22.71;22.5;22.3;22.03;22.43;21.92;22.67;22.31;22.27;22.73;21.84;22.16;22.3;21.32;21.73;21.04;21.89;22.23;22.63;21.95;22.2;21.99;21.7;22;22.04;22.73
1993;1;21.9;21.76;22.55;22.42;21.97;21.52;22.66;21.53;22.59;21.7;22.41;22.69;21.64;22.35;22.49;22.17;21.88;22.69;22.78;22.12;22.28;21.44;21.28;21.86;21.11;22.12;21.31;22.75;22.52;21.94;22.31;21.34;21.82;21.78;21.94;22.68;22.66;22.5;22.16;22.04;22.24;21.91;22.52;22.37;22.08;22.66;21.8;22.23;22.29;21.27;21.65;20.93;21.78;22.26;22.61;21.81;22.12;21.89;21.59;21.97;22.07;22.71
1993;2;21.89;21.92;22.54;22.37;21.93;21.82;22.59;22;22.64;22.04;22.34;22.74;21.95;22.24;22.49;22.29;22.01;22.66;22.78;22.12;22.28;21.74;21.58;21.87;21.35;22.2;21.54;22.82;22.6;22.2;22.49;21.47;21.84;21.99;22.17;22.73;22.63;22.61;22.15;22.04;22.11;22.32;22.43;22.54;22.03;22.81;22.1;22.57;22.42;21.58;21.83;21.17;22.09;22.55;22.69;22.17;22.19;21.92;21.67;21.96;22.44;22.87
1993;3;22.03;22.41;22.49;22.39;22;21.96;22.55;22.14;22.78;22.19;22.37;22.87;21.92;22.26;22.43;22.34;22.3;22.58;22.71;22.17;22.2;21.83;21.66;22.02;21.35;22.28;21.61;22.75;22.7;22.28;22.67;21.82;22.07;22.28;22.17;22.65;22.55;22.59;22.24;22.01;22.12;22.55;22.4;22.47;22.13;23.02;22.12;22.61;22.43;21.64;22.32;21.51;22.32;22.73;22.83;22.48;22.32;22.12;22.15;22.04;22.59;23.08
1993;4;22.23;22.3;22.32;22.37;21.62;21.59;22.32;21.48;22.23;21.8;22.32;22.33;21.23;22.08;22.23;21.96;22.11;22.36;22.39;22.2;22.12;21.37;21.12;22.21;20.93;21.87;21.2;22.33;22.16;21.84;21.99;21.9;22.23;22.06;21.6;22.35;22.36;21.99;21.96;22.1;21.84;21.79;22.15;22;21.82;22.36;21.59;21.77;21.75;21.33;22.22;21.49;22;21.92;22.28;22.15;22.11;22.17;22.2;22.24;21.79;22.42
1993;5;21.22;21.16;21.61;21.48;19.89;20.25;21.5;20.84;21.45;20.56;21.38;21.55;19.27;21;21.56;20.26;20.8;21.56;21.61;21.21;21.46;19.83;19.37;21.43;19.22;20.14;19.61;21.63;21.42;20.27;21.26;21.19;21.28;20.83;19.67;21.63;21.58;21.32;20.45;21.42;20.79;20.9;21.33;21.44;20.24;21.54;19.87;21.02;21.1;20.9;21.15;20.98;20.77;21.11;21.53;21.01;20.75;21.03;21.27;21.34;20.95;21.62
1993;6;20;19.93;20.41;20.06;17.96;18.87;20.29;20.12;20.52;19.07;19.92;20.6;17.4;19.46;20.41;18.22;19.2;20.42;20.56;19.87;20.32;18.29;17.8;20.38;17.87;18.02;18.17;20.68;20.47;18.44;20.4;20.29;20.11;19.37;17.61;20.57;20.41;20.46;18.53;20.37;19.34;20.16;20.07;20.53;18.34;20.71;18.04;20.33;20.28;20.15;20.02;20.24;19.29;20.32;20.6;19.63;18.99;19.64;20.19;20.2;20.21;20.76
1993;7;19.49;19.46;19.89;19.42;17.62;18.75;19.68;19.94;20.05;18.77;19.29;20.11;17.45;18.85;19.91;17.77;18.71;19.84;19.99;19.31;19.85;18.21;17.79;19.99;18.15;17.65;18.32;20.2;19.94;18.22;19.94;19.99;19.66;18.96;17.4;20.08;19.85;20.03;18.06;20;18.84;20.03;19.43;20.2;17.9;20.31;17.95;20.07;19.85;19.96;19.59;20.11;18.89;20.05;20.06;19.12;18.44;19.09;19.78;19.76;20.02;20.34
1993;8;20.26;20.36;20.63;20.31;19.48;19.91;20.71;20.48;21.26;19.89;20.24;21.24;18.93;20.12;20.63;19.2;19.81;20.78;20.97;20.17;20.54;19.55;19.26;20.69;19.59;19.23;19.68;21.08;20.89;19.56;20.79;20.69;20.45;19.99;18.94;20.9;20.72;20.89;19.51;20.65;20.34;20.79;20.56;20.86;19.51;21.45;19.37;20.72;20.69;20.55;20.44;20.77;19.93;20.89;20.99;20.08;19.63;20;20.59;20.47;20.75;21.37
1993;9;21.9;21.94;22.09;22.1;21.63;21.57;22.41;21.25;23.11;21.74;22.05;23.08;21.41;22.03;22.02;21.7;21.9;22.38;22.56;21.92;21.92;21.42;21.23;21.96;21.12;21.66;21.3;22.46;22.52;21.83;22.3;21.77;21.93;21.87;21.61;22.3;22.27;22.19;21.74;21.91;22.29;21.98;22.39;21.87;21.66;23.28;21.66;21.71;21.97;21.39;21.93;21.61;21.85;22.29;22.68;21.95;21.85;21.87;21.93;21.95;21.93;23.15
1993;10;22.44;22.45;22.66;22.74;22.22;21.99;22.99;21.64;23.46;22.21;22.72;23.45;21.86;22.68;22.55;22.41;22.44;22.92;23.04;22.49;22.4;21.86;21.62;22.37;21.48;22.33;21.67;22.88;22.96;22.31;22.73;22.12;22.4;22.36;22.15;22.79;22.84;22.64;22.41;22.35;22.73;22.3;23;22.3;22.32;23.58;22.1;22.14;22.44;21.73;22.39;21.87;22.34;22.6;23.11;22.42;22.49;22.43;22.35;22.44;22.26;23.48
1993;11;22.36;22.36;22.66;22.66;22.34;21.95;22.92;21.74;23.36;22.17;22.64;23.37;22.04;22.65;22.57;22.62;22.47;22.87;22.99;22.45;22.39;21.82;21.67;22.28;21.51;22.51;21.64;22.86;22.96;22.43;22.74;22;22.32;22.35;22.42;22.79;22.81;22.63;22.49;22.27;22.69;22.42;22.92;22.38;22.42;23.45;22.25;22.25;22.44;21.7;22.3;21.71;22.33;22.62;23.13;22.42;22.57;22.4;22.23;22.35;22.36;23.38
1993;12;22.04;22.1;22.59;22.48;22.16;21.79;22.81;21.64;22.84;22.03;22.48;22.94;21.86;22.53;22.54;22.35;22.16;22.79;22.89;22.22;22.33;21.66;21.48;21.96;21.31;22.28;21.49;22.83;22.75;22.18;22.59;21.62;21.98;22.09;22.19;22.75;22.72;22.62;22.29;22.06;22.49;22.14;22.74;22.42;22.25;22.9;22.03;22.32;22.44;21.41;22.01;21.24;22.15;22.51;22.85;22.26;22.28;22.07;21.9;22.06;22.25;22.99
1994;1;21.52;21.56;22.17;22.01;21.84;21.5;22.32;21.28;22.32;21.69;22.03;22.43;21.74;22.04;22.12;22.1;21.73;22.35;22.47;21.77;21.86;21.47;21.35;21.39;21.1;22.01;21.31;22.49;22.32;21.93;22.22;21.04;21.44;21.65;21.98;22.37;22.29;22.28;21.96;21.56;21.92;21.82;22.16;22.03;21.9;22.46;21.85;22.07;22.1;20.98;21.46;20.69;21.73;22.2;22.41;21.79;21.94;21.61;21.3;21.52;21.96;22.55
1994;2;21.93;22.01;22.42;22.26;21.92;21.9;22.46;21.97;22.54;22.06;22.23;22.65;21.9;22.09;22.4;22.33;22.08;22.52;22.69;22.1;22.23;21.76;21.58;21.92;21.38;22.23;21.6;22.76;22.59;22.25;22.53;21.53;21.92;22.05;22.19;22.62;22.49;22.59;22.13;22.01;21.95;22.29;22.24;22.48;22;22.78;22.11;22.55;22.41;21.54;21.9;21.22;22.11;22.58;22.71;22.2;22.22;21.96;21.81;21.97;22.41;22.85
1994;3;22.05;22.25;22.4;22.31;21.92;21.86;22.5;22.11;22.69;22.1;22.29;22.77;21.8;22.15;22.35;22.3;22.19;22.54;22.68;22.15;22.17;21.7;21.53;22.03;21.3;22.22;21.53;22.69;22.67;22.19;22.66;21.79;22.05;22.18;22.11;22.57;22.5;22.58;22.16;22.03;22.02;22.74;22.3;22.44;22.02;22.98;22.02;22.76;22.44;21.63;22.2;21.48;22.23;22.8;22.79;22.38;22.25;22.08;22.07;22.06;22.76;23.01
1994;4;21.98;22.03;22.05;22.11;21.25;21.39;22.04;21.35;21.91;21.6;22.07;22.01;20.96;21.8;21.97;21.69;21.84;22.1;22.13;21.96;21.87;21.11;20.85;21.98;20.66;21.58;20.94;22.08;21.89;21.57;21.73;21.69;21.98;21.82;21.34;22.09;22.11;21.77;21.68;21.87;21.53;21.8;21.86;21.77;21.5;22.07;21.32;21.68;21.55;21.16;21.99;21.3;21.79;21.74;21.98;21.97;21.87;21.92;21.96;22;21.77;22.12
1994;5;21.25;21.21;21.5;21.38;19.85;20.3;21.39;20.74;21.27;20.53;21.29;21.37;19.37;20.87;21.46;20.21;20.74;21.5;21.53;21.17;21.37;19.86;19.47;21.46;19.4;20.07;19.71;21.55;21.25;20.22;21.08;21.2;21.3;20.81;19.65;21.56;21.52;21.21;20.37;21.4;20.6;20.73;21.18;21.33;20.17;21.37;19.87;20.86;20.97;20.83;21.22;20.97;20.74;20.95;21.35;21.01;20.68;21.01;21.32;21.37;20.79;21.44
1994;6;19.82;19.88;20.31;19.93;17.93;18.97;20.19;20.11;20.44;19.07;19.81;20.52;17.56;19.39;20.3;18.24;19.14;20.31;20.43;19.72;20.2;18.36;17.92;20.24;18.17;18.09;18.38;20.56;20.36;18.49;20.32;20.24;19.95;19.34;17.68;20.47;20.3;20.38;18.52;20.26;19.28;20.22;20;20.48;18.32;20.66;18.13;20.31;20.2;20.14;19.98;20.27;19.29;20.33;20.47;19.61;18.92;19.47;20.12;20.03;20.23;20.71
1994;7;19.43;19.48;19.69;19.35;17.72;18.88;19.51;19.88;19.75;18.85;19.22;19.81;17.61;18.77;19.71;17.89;18.75;19.65;19.78;19.26;19.72;18.39;17.98;19.92;18.34;17.81;18.54;19.98;19.66;18.36;19.63;19.95;19.61;19.01;17.56;19.87;19.66;19.79;18.15;19.9;18.72;19.75;19.25;20.05;17.98;20.02;18.12;19.84;19.6;19.89;19.6;20.09;18.93;19.72;19.77;19.12;18.49;19.07;19.78;19.67;19.75;20.04
1994;8;20.08;20.14;20.31;20.01;19.14;20.01;20.4;20.31;20.75;19.94;19.96;20.76;19.15;19.86;20.32;19.16;19.74;20.45;20.63;19.96;20.26;19.71;19.41;20.49;19.82;19.14;19.87;20.75;20.49;19.7;20.37;20.56;20.25;19.95;19.06;20.57;20.39;20.55;19.32;20.43;20.07;20.48;20.25;20.58;19.25;20.92;19.55;20.47;20.34;20.4;20.29;20.67;19.91;20.5;20.59;19.97;19.54;19.85;20.4;20.28;20.45;20.87
1994;9;21.81;21.93;22.12;22.03;21.61;21.54;22.48;21.12;22.9;21.7;22;22.93;21.33;22.08;22.04;21.59;21.86;22.42;22.64;21.79;21.82;21.39;21.2;21.89;21.09;21.6;21.25;22.54;22.51;21.78;22.23;21.69;21.87;21.83;21.51;22.37;22.32;22.28;21.68;21.78;22.32;21.78;22.44;21.82;21.65;22.99;21.62;21.66;22.03;21.26;21.9;21.52;21.8;22.11;22.7;21.91;21.74;21.76;21.86;21.85;21.76;22.93
1994;10;22.57;22.59;22.93;22.94;22.57;22.06;23.32;21.84;23.79;22.28;22.92;23.76;21.99;23.01;22.8;22.51;22.5;23.25;23.4;22.64;22.59;21.83;21.63;22.58;21.55;22.5;21.63;23.18;23.25;22.4;22.95;22.28;22.56;22.47;22.29;23.08;23.15;22.9;22.6;22.53;23.1;22.6;23.33;22.49;22.6;23.93;22.21;22.35;22.67;21.92;22.54;22.02;22.46;22.82;23.41;22.6;22.6;22.54;22.52;22.6;22.52;23.76
1994;11;22.22;22.18;22.73;22.66;22.35;21.77;22.97;21.66;23.08;21.98;22.66;23.14;21.76;22.72;22.65;22.31;22.18;22.94;23.02;22.36;22.44;21.58;21.38;22.2;21.28;22.3;21.4;22.91;22.85;22.11;22.62;21.87;22.19;22.12;22.09;22.85;22.88;22.66;22.38;22.25;22.72;22.07;22.91;22.42;22.38;23.1;21.94;22.2;22.47;21.59;22.13;21.55;22.11;22.43;22.98;22.23;22.33;22.21;22.09;22.26;22.13;23.11
1994;12;22.03;21.95;22.49;22.45;22.16;21.66;22.67;21.52;22.77;21.86;22.46;22.84;21.84;22.42;22.42;22.39;22.09;22.69;22.76;22.22;22.24;21.59;21.43;21.93;21.29;22.35;21.44;22.72;22.62;22.08;22.47;21.46;21.95;21.96;22.15;22.64;22.64;22.49;22.33;22.04;22.35;21.93;22.56;22.29;22.23;22.81;21.96;22.11;22.31;21.32;21.81;21.07;21.95;22.32;22.73;22.04;22.31;22.08;21.75;22.04;22.04;22.87
1995;1;21.69;21.61;22.33;22.19;21.97;21.49;22.43;21.47;22.45;21.69;22.19;22.55;21.65;22.15;22.29;22.16;21.82;22.45;22.55;21.93;22.05;21.4;21.26;21.61;21.1;22.12;21.28;22.56;22.4;21.93;22.26;21.19;21.61;21.72;21.96;22.48;22.41;22.32;22.1;21.77;22.03;21.88;22.28;22.16;22.03;22.56;21.8;22.08;22.14;21.17;21.54;20.81;21.77;22.23;22.51;21.86;22.05;21.74;21.41;21.72;22;22.64
1995;2;21.6;21.8;22.12;21.98;21.78;21.69;22.16;21.68;22.4;21.88;21.96;22.48;21.77;21.88;22.09;22.15;21.86;22.22;22.35;21.79;21.85;21.52;21.35;21.56;21.21;22.05;21.32;22.45;22.31;22.04;22.26;21.3;21.59;21.86;22.06;22.32;22.2;22.3;21.94;21.59;21.82;22.25;21.98;22.14;21.82;22.61;21.92;22.37;22.15;21.23;21.76;21.03;21.96;22.38;22.43;22.07;21.99;21.68;21.58;21.62;22.29;22.65
1995;3;22.04;22.25;22.28;22.31;22.03;21.88;22.28;21.97;22.57;22.14;22.27;22.61;21.78;22.09;22.23;22.42;22.26;22.32;22.41;22.16;22.1;21.73;21.52;21.97;21.26;22.35;21.51;22.47;22.42;22.25;22.41;21.68;22.02;22.21;22.18;22.39;22.32;22.36;22.25;21.96;21.97;22.65;22.12;22.3;22.1;22.85;22.06;22.67;22.22;21.47;22.18;21.34;22.28;22.65;22.55;22.41;22.34;22.11;21.99;22.04;22.65;22.85
1995;4;22.2;22.3;22.17;22.25;21.61;21.56;22.17;21.49;22.08;21.79;22.2;22.16;21.17;21.99;22.11;21.91;22.09;22.19;22.22;22.16;22.05;21.3;21.05;22.18;20.83;21.83;21.11;22.2;22.01;21.79;21.84;21.88;22.2;22.04;21.55;22.2;22.19;21.89;21.91;22.06;21.77;21.91;22.02;21.96;21.77;22.23;21.54;21.79;21.66;21.32;22.21;21.46;21.98;21.86;22.11;22.14;22.09;22.14;22.21;22.2;21.86;22.26
1995;5;21.03;21.04;21.34;21.16;19.53;20.03;21.2;20.67;21.08;20.3;21.07;21.2;18.99;20.68;21.31;19.87;20.55;21.29;21.34;20.97;21.23;19.59;19.15;21.22;19.05;19.72;19.41;21.39;21.13;19.94;20.98;21;21.08;20.6;19.31;21.39;21.32;21.09;20.07;21.21;20.41;20.69;21.01;21.23;19.9;21.22;19.56;20.85;20.86;20.69;21.03;20.81;20.54;20.88;21.24;20.83;20.43;20.82;21.11;21.15;20.75;21.31
1995;6;20;19.9;20.42;20.05;17.9;18.98;20.24;20.13;20.42;19.14;19.89;20.52;17.72;19.38;20.42;18.24;19.24;20.35;20.48;19.87;20.34;18.43;18;20.38;18.12;17.98;18.41;20.61;20.42;18.61;20.36;20.27;20.1;19.42;17.8;20.53;20.36;20.42;18.47;20.37;19.23;20.2;20.04;20.52;18.29;20.63;18.26;20.33;20.25;20.14;20.02;20.2;19.35;20.33;20.56;19.65;19;19.64;20.18;20.2;20.24;20.7
1995;7;19.6;19.7;19.92;19.55;17.82;18.84;19.82;19.96;20.34;18.86;19.41;20.36;17.45;19.01;19.94;17.92;18.96;19.94;20.1;19.43;19.91;18.22;17.8;20.13;18.19;17.77;18.31;20.24;20.1;18.36;20.07;20.12;19.83;19.15;17.51;20.11;19.92;20.08;18.2;20.09;19.06;19.96;19.61;20.21;18.09;20.59;18.01;20.06;19.92;20.02;19.8;20.17;19.03;20.07;20.25;19.28;18.61;19.25;20;19.86;19.99;20.57
1995;8;20.34;20.36;20.72;20.49;19.49;20.15;20.78;20.48;21.4;20.13;20.41;21.37;19.33;20.22;20.71;19.51;19.95;20.81;21;20.29;20.59;19.84;19.6;20.7;19.88;19.5;19.97;21.12;21;19.86;20.91;20.73;20.49;20.15;19.28;20.95;20.78;20.96;19.7;20.65;20.48;20.96;20.66;20.85;19.59;21.6;19.72;20.84;20.78;20.56;20.48;20.86;20.13;21.06;21.15;20.25;19.85;20.12;20.59;20.51;20.91;21.52
1995;9;22.02;22.04;22.44;22.39;21.98;21.58;22.72;21.41;23.32;21.77;22.37;23.29;21.53;22.39;22.34;21.88;22;22.72;22.87;22.07;22.09;21.42;21.22;22.07;21.14;21.95;21.24;22.8;22.75;21.91;22.49;21.86;22.04;21.95;21.68;22.67;22.65;22.54;22.07;22.01;22.62;22.2;22.68;22.11;22.02;23.44;21.75;22.05;22.29;21.52;22;21.73;21.9;22.51;22.92;21.98;22.03;21.98;22.02;22.07;22.18;23.33
1995;10;22.66;22.6;23.06;23;22.61;22.18;23.4;22.13;23.96;22.38;23;23.98;22.02;23.1;22.94;22.6;22.6;23.31;23.44;22.73;22.73;22;21.81;22.62;21.71;22.58;21.83;23.29;23.45;22.47;23.18;22.36;22.62;22.53;22.33;23.2;23.24;23.07;22.67;22.64;23.33;22.73;23.46;22.71;22.65;24;22.29;22.63;22.87;22.14;22.56;22.13;22.51;23.07;23.64;22.63;22.69;22.65;22.52;22.67;22.74;23.98
1995;11;22.62;22.52;23.21;23.07;22.5;22.22;23.47;22.21;23.49;22.36;23.09;23.57;22.08;23.1;23.11;22.63;22.53;23.45;23.52;22.76;22.88;22.04;21.85;22.59;21.77;22.58;21.9;23.39;23.28;22.45;23.01;22.18;22.57;22.46;22.37;23.34;23.38;23.11;22.7;22.69;23.06;22.46;23.41;22.89;22.65;23.47;22.29;22.63;22.89;22.05;22.43;21.91;22.44;22.83;23.41;22.53;22.67;22.59;22.41;22.67;22.56;23.52
1995;12;22.33;22.29;22.83;22.79;22.43;21.95;23.03;21.82;23.05;22.12;22.79;23.14;22.02;22.78;22.76;22.55;22.38;23;23.1;22.51;22.56;21.8;21.65;22.21;21.56;22.54;21.69;23.03;22.95;22.33;22.74;21.77;22.24;22.26;22.3;22.96;22.95;22.83;22.6;22.34;22.65;22.18;22.95;22.59;22.56;23.08;22.18;22.46;22.65;21.66;22.17;21.38;22.26;22.63;23.06;22.36;22.56;22.36;22.08;22.34;22.34;23.15
1996;1;22.26;22.16;22.82;22.72;22.32;21.88;22.89;21.75;22.82;22.11;22.71;22.89;22.03;22.61;22.76;22.46;22.27;22.92;23.02;22.42;22.52;21.8;21.64;22.1;21.49;22.45;21.67;23;22.79;22.29;22.64;21.65;22.15;22.19;22.26;22.93;22.88;22.8;22.5;22.21;22.45;22.19;22.7;22.58;22.42;22.92;22.16;22.55;22.62;21.46;22.09;21.21;22.22;22.61;22.88;22.32;22.45;22.26;21.94;22.26;22.37;22.97
1996;2;22.47;22.38;23.24;23.01;22.34;22.25;23.42;22.53;23.37;22.42;22.99;23.47;22.27;22.86;23.16;22.54;22.38;23.48;23.64;22.64;22.85;22.13;21.98;22.47;21.75;22.49;21.95;23.59;23.38;22.49;23.22;22.08;22.42;22.4;22.44;23.47;23.41;23.36;22.58;22.59;22.7;22.92;23.2;23.1;22.49;23.51;22.4;23.23;23.14;22.11;22.34;21.76;22.46;23.2;23.49;22.55;22.56;22.42;22.27;22.53;23.08;23.59
1996;3;22.45;22.62;23.07;22.82;22.24;22.27;23.21;22.7;23.55;22.53;22.8;23.62;22.1;22.71;23;22.58;22.58;23.25;23.41;22.57;22.7;22.09;21.87;22.51;21.62;22.5;21.88;23.44;23.44;22.57;23.42;22.25;22.49;22.58;22.41;23.29;23.19;23.34;22.51;22.51;22.64;23.4;23.04;23.08;22.38;23.84;22.38;23.42;23.19;22.16;22.59;21.98;22.63;23.58;23.56;22.78;22.6;22.46;22.49;22.5;23.43;23.88
1996;4;22.48;22.54;22.64;22.62;21.79;21.93;22.57;21.97;22.58;22.15;22.57;22.64;21.57;22.3;22.57;22.22;22.35;22.64;22.65;22.46;22.44;21.68;21.42;22.51;21.22;22.09;21.5;22.67;22.44;22.13;22.3;22.18;22.49;22.34;21.91;22.68;22.67;22.36;22.17;22.41;22.03;22.38;22.41;22.41;22.01;22.8;21.9;22.3;22.12;21.72;22.47;21.83;22.31;22.38;22.54;22.47;22.36;22.41;22.47;22.5;22.34;22.79
1996;5;21.64;21.66;21.92;21.8;20.48;20.86;21.83;21.15;21.72;21.07;21.74;21.82;20.04;21.38;21.87;20.77;21.29;21.93;21.97;21.58;21.75;20.44;20.07;21.76;20.08;20.62;20.32;21.99;21.72;20.84;21.58;21.52;21.66;21.31;20.35;21.98;21.95;21.66;20.91;21.72;21.12;21.22;21.62;21.7;20.76;21.85;20.51;21.33;21.43;21.15;21.61;21.32;21.27;21.44;21.82;21.5;21.19;21.45;21.67;21.71;21.27;21.92
1996;6;20.6;20.58;21.03;20.65;18.83;19.51;20.8;20.65;20.93;19.66;20.54;20.99;18.26;20.08;21;19.04;19.91;20.96;21.02;20.45;20.87;18.9;18.46;20.93;18.62;18.93;18.78;21.16;20.84;19.19;20.77;20.81;20.72;20.03;18.47;21.13;20.99;20.89;19.34;20.91;19.9;20.63;20.55;21.06;19.18;21.11;18.79;20.78;20.69;20.67;20.61;20.77;19.93;20.75;20.95;20.25;19.7;20.28;20.8;20.77;20.68;21.15
1996;7;20.02;20.11;20.37;19.92;18.27;19.48;20.34;20.47;20.6;19.45;19.82;20.66;18.26;19.48;20.37;18.39;19.33;20.47;20.64;19.82;20.3;18.95;18.59;20.57;18.97;18.29;19.08;20.76;20.5;18.91;20.44;20.61;20.25;19.61;18.15;20.61;20.43;20.57;18.69;20.49;19.45;20.46;20.09;20.72;18.58;20.88;18.7;20.55;20.38;20.51;20.23;20.68;19.54;20.49;20.62;19.79;19.03;19.65;20.46;20.26;20.47;20.9
1996;8;21.05;21.17;21.35;21.18;20.56;20.78;21.72;20.94;22.14;20.84;21.17;22.2;20.16;21.18;21.31;20.41;20.87;21.67;21.87;20.99;21.16;20.53;20.27;21.34;20.41;20.42;20.53;21.82;21.8;20.73;21.58;21.3;21.2;20.95;20.26;21.65;21.58;21.58;20.63;21.24;21.38;21.4;21.64;21.39;20.62;22.29;20.58;21.27;21.35;21.02;21.22;21.29;20.89;21.58;21.98;21;20.73;20.92;21.3;21.17;21.37;22.29
1996;9;22.34;22.33;22.77;22.71;22.46;21.9;23.45;21.75;24.18;22.03;22.73;24.22;21.68;22.98;22.67;22.15;22.28;23.29;23.55;22.39;22.4;21.66;21.42;22.36;21.48;22.25;21.54;23.33;23.58;22.14;23.24;22.13;22.35;22.22;21.96;23.1;23.11;23.12;22.41;22.31;23.38;22.68;23.57;22.45;22.47;24.21;21.95;22.45;22.89;21.8;22.3;22;22.17;23.1;23.79;22.25;22.32;22.31;22.29;22.37;22.66;24.18
1996;10;22.87;22.86;23.19;23.22;22.77;22.42;23.66;22.22;24.49;22.61;23.2;24.49;22.28;23.28;23.09;22.93;22.82;23.54;23.75;22.95;22.89;22.2;22;22.87;21.93;22.84;22.04;23.56;23.86;22.69;23.63;22.58;22.86;22.76;22.68;23.41;23.42;23.4;22.9;22.82;23.54;23.22;23.78;22.87;22.84;24.61;22.52;22.97;23.22;22.25;22.82;22.34;22.74;23.6;24.06;22.87;22.95;22.87;22.8;22.9;23.18;24.53
1996;11;22.77;22.77;23.33;23.23;22.86;22.46;23.68;22.45;24.07;22.61;23.23;24.09;22.44;23.37;23.25;22.92;22.76;23.61;23.72;22.92;23.02;22.31;22.15;22.79;22.06;22.85;22.22;23.56;23.64;22.72;23.39;22.43;22.76;22.71;22.71;23.48;23.52;23.32;22.91;22.84;23.48;22.95;23.73;23.03;22.92;24.08;22.59;22.93;23.1;22.26;22.7;22.13;22.7;23.26;23.8;22.78;22.9;22.76;22.7;22.82;22.99;24.07
1996;12;22.99;22.76;23.29;23.27;22.68;22.18;23.35;22.28;23.32;22.36;23.24;23.41;22.26;23.11;23.24;22.9;22.73;23.38;23.41;23.06;23.15;22.04;21.88;22.85;21.81;22.85;21.93;23.38;23.18;22.57;22.98;22.28;22.88;22.61;22.61;23.36;23.36;23.12;22.93;22.99;23;22.48;23.24;23.08;22.83;23.34;22.42;22.81;22.9;22.1;22.61;21.78;22.52;22.88;23.29;22.62;22.92;22.9;22.63;23;22.65;23.41
1997;1;22.57;22.35;23.4;23.18;22.45;22.09;23.46;22.4;23.4;22.28;23.17;23.52;22.33;23.03;23.31;22.65;22.47;23.54;23.62;22.78;23.02;22.01;21.88;22.43;21.71;22.61;21.88;23.61;23.4;22.53;23.29;21.87;22.45;22.36;22.53;23.55;23.51;23.41;22.73;22.67;22.8;22.82;23.23;23.19;22.65;23.52;22.43;23.25;23.23;21.95;22.18;21.51;22.35;23.28;23.5;22.39;22.69;22.54;22.12;22.61;23.06;23.63
1997;2;22.84;22.75;23.52;23.27;22.56;22.48;23.67;22.93;23.76;22.64;23.25;23.89;22.52;23.11;23.46;22.9;22.75;23.72;23.89;22.99;23.19;22.41;22.26;22.81;22.05;22.83;22.26;23.87;23.81;22.77;23.74;22.37;22.79;22.7;22.74;23.73;23.65;23.77;22.88;22.92;22.95;23.32;23.42;23.49;22.75;23.94;22.67;23.69;23.64;22.49;22.64;22.08;22.68;23.74;23.93;22.74;22.91;22.81;22.63;22.88;23.51;24.08
1997;3;22.77;22.97;23.18;23.05;22.54;22.56;23.29;22.92;23.64;22.78;23.02;23.69;22.44;22.93;23.13;22.88;22.89;23.32;23.45;22.88;22.95;22.41;22.22;22.81;21.97;22.82;22.22;23.47;23.48;22.86;23.47;22.54;22.8;22.88;22.71;23.36;23.29;23.36;22.8;22.83;22.86;23.46;23.15;23.22;22.67;23.94;22.68;23.48;23.21;22.48;22.92;22.27;22.9;23.62;23.6;23.03;22.91;22.79;22.83;22.82;23.48;23.96
1997;4;22.64;22.69;22.78;22.81;21.99;21.88;22.73;22.17;22.67;22.1;22.75;22.74;21.49;22.47;22.7;22.3;22.5;22.8;22.79;22.65;22.61;21.58;21.31;22.68;21.18;22.23;21.39;22.78;22.56;22.13;22.41;22.36;22.66;22.42;21.88;22.81;22.82;22.48;22.35;22.61;22.2;22.48;22.55;22.58;22.2;22.86;21.86;22.42;22.24;22.01;22.6;22.01;22.33;22.46;22.65;22.52;22.51;22.59;22.61;22.68;22.44;22.87
1997;5;21.76;21.69;21.97;21.82;20.46;20.85;21.86;21.22;21.8;21.05;21.74;21.9;19.88;21.4;21.93;20.85;21.31;21.95;21.98;21.68;21.87;20.39;20.01;21.9;19.99;20.69;20.24;22;21.78;20.8;21.65;21.63;21.78;21.33;20.3;22.01;21.97;21.69;20.93;21.89;21.16;21.34;21.68;21.84;20.75;21.93;20.43;21.41;21.47;21.3;21.67;21.39;21.27;21.55;21.88;21.51;21.25;21.54;21.76;21.86;21.37;22.01
1997;6;20.58;20.6;20.98;20.68;18.93;19.54;20.87;20.66;21.05;19.72;20.58;21.1;18.37;20.18;20.95;19.16;19.95;21;21.08;20.49;20.84;18.98;18.56;20.87;18.65;19.03;18.92;21.2;20.93;19.28;20.84;20.81;20.66;20.06;18.56;21.13;21.01;20.94;19.43;20.89;20.03;20.73;20.66;21.04;19.26;21.26;18.91;20.82;20.74;20.67;20.64;20.78;19.98;20.85;21.03;20.31;19.8;20.29;20.75;20.74;20.75;21.27
1997;7;20.24;20.13;20.56;20.2;18.66;19.32;20.49;20.46;20.92;19.36;20.07;20.96;18.22;19.73;20.58;18.67;19.45;20.57;20.74;20.1;20.57;18.76;18.38;20.63;18.62;18.59;18.78;20.85;20.7;18.92;20.61;20.57;20.35;19.63;18.26;20.73;20.55;20.65;18.98;20.67;19.77;20.53;20.34;20.81;18.87;21.14;18.65;20.6;20.45;20.48;20.23;20.61;19.52;20.6;20.85;19.77;19.28;19.88;20.43;20.45;20.55;21.14
1997;8;20.96;21.08;21.34;21.12;20.49;20.69;21.42;20.96;21.99;20.67;21.06;21.98;19.95;20.98;21.33;20.12;20.68;21.44;21.64;20.93;21.2;20.33;20.09;21.29;20.39;20.18;20.44;21.7;21.56;20.46;21.42;21.26;21.11;20.79;19.91;21.55;21.4;21.46;20.46;21.26;21.23;21.41;21.32;21.4;20.49;22.16;20.29;21.27;21.23;21.04;21.16;21.28;20.73;21.49;21.72;20.88;20.54;20.78;21.22;21.13;21.35;22.08
1997;9;22.31;22.28;22.67;22.55;22.22;22;23.29;21.73;24.1;22.14;22.56;24.05;21.63;22.82;22.57;21.93;22.22;23.14;23.4;22.29;22.33;21.76;21.52;22.36;21.62;21.93;21.66;23.18;23.41;22.13;23.14;22.16;22.32;22.22;21.77;22.98;22.98;22.97;22.12;22.3;23.18;22.79;23.38;22.42;22.2;24.24;21.93;22.48;22.75;21.82;22.31;22.02;22.22;23.09;23.6;22.34;22.18;22.23;22.29;22.35;22.72;24.11
1997;10;22.72;22.82;23.09;23.07;22.86;22.43;23.63;22.06;24.4;22.62;23.08;24.33;22.29;23.32;22.98;22.78;22.83;23.47;23.65;22.81;22.75;22.25;22.07;22.74;21.98;22.72;22.1;23.4;23.67;22.67;23.39;22.55;22.75;22.77;22.57;23.28;23.34;23.21;22.81;22.65;23.6;23.02;23.75;22.74;22.86;24.53;22.51;22.72;23.03;22.16;22.82;22.3;22.76;23.25;23.87;22.89;22.85;22.77;22.77;22.73;22.91;24.33
1997;11;22.64;22.69;22.99;22.96;22.61;22.38;23.34;22.08;23.84;22.59;22.95;23.8;22.35;23.03;22.9;22.81;22.72;23.27;23.41;22.74;22.7;22.26;22.05;22.58;21.91;22.7;22.07;23.26;23.32;22.71;23.09;22.31;22.61;22.67;22.65;23.15;23.18;23.05;22.72;22.58;23.15;22.77;23.35;22.72;22.67;23.95;22.56;22.62;22.87;22.02;22.65;22.03;22.68;22.98;23.47;22.78;22.81;22.68;22.57;22.63;22.71;23.83
1997;12;22.57;22.49;22.95;22.99;22.78;22.17;23.08;21.85;23.12;22.36;23.01;23.16;22.29;22.94;22.88;22.89;22.67;23.12;23.16;22.75;22.7;22.07;21.91;22.39;21.82;22.9;21.93;23.12;22.94;22.59;22.77;21.91;22.47;22.48;22.6;23.08;23.09;22.84;22.92;22.49;22.79;22.27;22.91;22.66;22.85;23.22;22.45;22.42;22.63;21.71;22.35;21.49;22.47;22.65;23.05;22.55;22.88;22.64;22.22;22.55;22.35;23.23
1998;1;22.14;22.11;22.75;22.57;22.27;22.01;22.78;22.09;22.86;22.23;22.55;22.96;22.03;22.42;22.72;22.56;22.32;22.84;22.97;22.37;22.53;21.84;21.67;22.06;21.55;22.53;21.69;23.04;22.88;22.39;22.84;21.64;22.07;22.22;22.39;22.92;22.81;22.91;22.46;22.26;22.3;22.49;22.56;22.76;22.34;23.01;22.22;22.82;22.78;21.67;22.03;21.31;22.29;22.88;22.98;22.38;22.47;22.2;21.87;22.19;22.66;23.12
1998;2;22.33;22.34;22.92;22.82;22.38;22.35;22.96;22.48;23.15;22.47;22.78;23.24;22.37;22.62;22.86;22.71;22.48;23;23.13;22.54;22.64;22.23;22.04;22.26;21.91;22.66;22.06;23.2;23.14;22.66;23.12;21.89;22.28;22.42;22.56;23.08;22.98;23.14;22.62;22.37;22.5;23.1;22.8;22.9;22.49;23.4;22.54;23.23;23.03;21.99;22.24;21.63;22.46;23.33;23.23;22.48;22.66;22.39;22.14;22.35;23.18;23.45
1998;3;22.64;22.73;23.08;23.05;22.53;22.39;23.06;22.72;23.11;22.57;23.01;23.16;22.28;22.79;23.01;22.75;22.65;23.13;23.16;22.78;22.85;22.22;22.02;22.67;21.85;22.73;22.05;23.16;23.03;22.64;22.98;22.39;22.65;22.65;22.54;23.14;23.13;23;22.77;22.69;22.59;23.07;22.83;22.99;22.65;23.35;22.48;23.16;22.84;22.31;22.67;22.11;22.66;23.15;23.12;22.76;22.76;22.63;22.64;22.69;23.12;23.38
1998;4;22.56;22.67;22.63;22.72;22;21.94;22.63;21.94;22.58;22.19;22.67;22.67;21.55;22.42;22.55;22.25;22.47;22.66;22.7;22.54;22.45;21.66;21.42;22.58;21.2;22.19;21.43;22.65;22.51;22.2;22.35;22.31;22.58;22.45;21.91;22.65;22.67;22.34;22.31;22.45;22.23;22.48;22.5;22.36;22.18;22.75;21.93;22.26;22.12;21.77;22.6;21.93;22.41;22.38;22.61;22.61;22.46;22.51;22.6;22.57;22.4;22.78
1998;5;21.54;21.52;21.88;21.73;20.14;20.62;21.76;21.18;21.69;20.81;21.65;21.79;19.78;21.22;21.85;20.47;21.09;21.88;21.92;21.48;21.71;20.17;19.84;21.77;19.84;20.3;20.04;21.97;21.7;20.52;21.57;21.58;21.61;21.12;20.02;21.96;21.89;21.68;20.66;21.72;20.94;21.21;21.54;21.75;20.49;21.81;20.21;21.38;21.46;21.27;21.52;21.36;21.03;21.43;21.8;21.29;20.97;21.32;21.65;21.67;21.28;21.9
1998;6;20.57;20.57;21.02;20.62;18.53;19.61;20.97;20.68;21.2;19.77;20.51;21.31;18.2;20.06;21;18.81;19.9;21.09;21.24;20.42;20.86;19.02;18.55;20.94;18.73;18.61;18.94;21.31;21.15;19.21;21.06;20.83;20.7;20.06;18.29;21.21;21.07;21.09;19.11;20.93;19.93;20.86;20.72;21.1;18.92;21.42;18.8;20.95;20.87;20.7;20.63;20.79;20;21.03;21.33;20.31;19.61;20.23;20.77;20.77;20.9;21.51
1998;7;20.12;20.1;20.44;20.07;18.21;19.27;20.5;20.42;20.98;19.31;19.96;21.03;17.92;19.62;20.45;18.31;19.32;20.55;20.77;19.9;20.38;18.66;18.21;20.57;18.64;18.23;18.76;20.86;20.78;18.72;20.72;20.55;20.29;19.53;17.88;20.69;20.5;20.73;18.68;20.51;19.68;20.8;20.3;20.76;18.54;21.28;18.43;20.72;20.55;20.44;20.19;20.64;19.43;20.83;20.96;19.66;19.04;19.72;20.42;20.33;20.73;21.28
1998;8;21.21;21.18;21.43;21.33;20.33;20.88;21.64;21.12;22.25;20.88;21.26;22.24;20.09;21.05;21.41;20.37;20.86;21.65;21.9;21.15;21.33;20.54;20.28;21.49;20.61;20.37;20.63;21.93;21.86;20.62;21.78;21.38;21.35;20.95;20.09;21.71;21.56;21.84;20.6;21.41;21.23;21.87;21.49;21.6;20.5;22.47;20.46;21.68;21.68;21.19;21.23;21.42;20.9;21.95;22.02;20.98;20.74;21.03;21.33;21.36;21.78;22.41
1998;9;22.55;22.49;23.19;23.11;22.62;22.32;23.62;21.96;24.19;22.44;23.13;24.21;22.2;23.19;23.06;22.42;22.38;23.59;23.82;22.64;22.72;22.2;22.02;22.53;21.97;22.56;22.13;23.68;23.77;22.44;23.58;22.35;22.5;22.44;22.3;23.47;23.46;23.53;22.74;22.53;23.37;23.17;23.55;22.79;22.72;24.35;22.38;22.99;23.35;21.99;22.52;22.2;22.46;23.54;23.94;22.53;22.52;22.47;22.48;22.58;23.17;24.31
1998;10;22.95;22.89;23.57;23.58;23.38;22.67;24.19;22.36;24.58;22.85;23.62;24.61;22.55;23.89;23.42;23;22.95;24.03;24.21;23.1;23.07;22.51;22.33;22.94;22.32;23.04;22.41;23.93;24.17;22.91;23.87;22.69;22.93;22.92;22.78;23.79;23.88;23.74;23.25;22.9;24.1;23.41;24.3;23.06;23.35;24.65;22.76;23.19;23.55;22.36;22.92;22.46;22.94;23.74;24.31;23.05;23.1;22.96;22.87;22.97;23.38;24.59
1998;11;22.78;22.76;23.11;23.12;22.8;22.37;23.43;22.15;23.59;22.55;23.13;23.62;22.34;23.18;23.02;22.82;22.74;23.39;23.5;22.86;22.8;22.23;22.07;22.68;21.93;22.81;22.07;23.36;23.32;22.66;23.12;22.33;22.71;22.67;22.57;23.27;23.32;23.12;22.9;22.69;23.16;22.67;23.36;22.8;22.86;23.67;22.51;22.69;22.92;22.08;22.68;22.03;22.68;22.98;23.44;22.79;22.87;22.77;22.6;22.78;22.7;23.65
1998;12;22.45;22.37;22.57;22.68;22.53;22.07;22.61;21.74;22.66;22.19;22.67;22.72;22.1;22.57;22.53;22.68;22.47;22.62;22.68;22.59;22.51;21.9;21.78;22.3;21.71;22.69;21.85;22.66;22.51;22.38;22.34;21.91;22.35;22.34;22.4;22.63;22.61;22.42;22.68;22.39;22.46;22.04;22.52;22.45;22.59;22.76;22.24;22.19;22.24;21.63;22.29;21.53;22.33;22.29;22.59;22.46;22.67;22.48;22.18;22.45;22.12;22.77
1999;1;22.01;22.1;22.46;22.42;22.17;21.93;22.51;21.83;22.57;22.1;22.41;22.67;21.98;22.31;22.4;22.47;22.25;22.54;22.63;22.23;22.22;21.76;21.63;21.9;21.55;22.41;21.66;22.64;22.53;22.29;22.42;21.56;21.96;22.15;22.26;22.57;22.52;22.44;22.37;21.98;22.18;22.16;22.38;22.32;22.26;22.68;22.14;22.37;22.27;21.47;22.02;21.25;22.21;22.41;22.63;22.33;22.4;22.11;21.84;22.01;22.28;22.78
1999;2;22.15;22.31;22.7;22.56;22.29;22.22;22.72;22.46;22.79;22.43;22.53;22.87;22.26;22.4;22.66;22.62;22.37;22.8;22.9;22.34;22.45;22.1;21.92;22.12;21.67;22.58;21.87;22.98;22.79;22.55;22.75;21.85;22.14;22.37;22.52;22.88;22.79;22.82;22.47;22.2;22.28;22.71;22.51;22.73;22.35;22.98;22.44;22.98;22.67;21.92;22.26;21.6;22.47;22.88;22.88;22.57;22.49;22.21;22.09;22.18;22.85;23.04
1999;3;22.64;22.86;22.87;22.85;22.51;22.42;22.93;22.59;23.04;22.63;22.82;23.07;22.31;22.69;22.82;22.82;22.76;22.99;23.07;22.71;22.68;22.26;22.07;22.64;21.86;22.77;22.07;23.12;22.93;22.74;22.86;22.39;22.66;22.75;22.63;23.02;22.96;22.94;22.73;22.58;22.57;23.12;22.78;22.86;22.61;23.27;22.57;23.12;22.78;22.16;22.78;22.08;22.77;23.04;23;22.9;22.81;22.67;22.7;22.65;23.13;23.25
1999;4;22.39;22.45;22.45;22.55;21.75;21.65;22.44;21.67;22.29;21.9;22.49;22.38;21.22;22.21;22.36;22;22.17;22.49;22.49;22.35;22.26;21.36;21.09;22.4;20.91;21.93;21.17;22.43;22.25;21.84;22.09;22.12;22.4;22.16;21.63;22.46;22.5;22.11;22.08;22.26;21.94;22.18;22.27;22.11;21.95;22.46;21.6;21.99;21.88;21.54;22.38;21.73;22.11;22.1;22.33;22.32;22.2;22.31;22.39;22.39;22.11;22.48
1999;5;21.8;21.77;21.99;21.83;20.4;20.99;21.94;21.21;21.82;21.21;21.76;21.91;20.24;21.43;21.93;20.83;21.42;22.05;22.09;21.67;21.81;20.62;20.27;22.02;20.15;20.62;20.46;22.09;21.81;21.02;21.66;21.73;21.88;21.47;20.47;22.08;22.05;21.75;20.88;21.9;21.22;21.32;21.72;21.79;20.7;21.95;20.7;21.38;21.52;21.34;21.73;21.49;21.41;21.52;21.91;21.61;21.28;21.58;21.86;21.91;21.34;22
1999;6;20.53;20.6;20.97;20.64;18.7;19.61;20.88;20.69;21.08;19.75;20.52;21.15;18.4;20.05;20.94;18.92;19.81;21.02;21.14;20.39;20.81;19.05;18.62;20.88;18.82;18.77;19.01;21.22;21.01;19.18;20.97;20.85;20.64;20.03;18.48;21.13;21;20.98;19.24;20.85;19.9;20.84;20.62;21.03;19.06;21.31;18.87;20.89;20.79;20.69;20.68;20.82;19.99;20.96;21.13;20.32;19.6;20.19;20.81;20.7;20.85;21.35
1999;7;19.75;19.75;20.13;19.67;18.15;18.99;19.96;20.3;20.46;19;19.56;20.52;17.58;19.2;20.17;18.08;19;20.08;20.24;19.57;20.12;18.38;17.93;20.29;18.4;18.03;18.5;20.45;20.29;18.46;20.3;20.33;19.95;19.25;17.66;20.32;20.09;20.32;18.44;20.28;19.24;20.4;19.73;20.52;18.35;20.74;18.14;20.39;20.16;20.32;19.9;20.49;19.17;20.39;20.44;19.42;18.71;19.35;20.1;20.01;20.37;20.78
1999;8;20.67;20.6;21.06;20.85;20.04;20.37;21.22;20.92;21.55;20.33;20.79;21.6;19.45;20.7;21.05;19.66;20.27;21.23;21.43;20.61;20.95;20.03;19.73;20.93;20.14;19.74;20.16;21.5;21.34;20.06;21.19;20.98;20.76;20.39;19.42;21.32;21.15;21.32;20.08;20.97;20.84;21.21;21.09;21.23;20.11;21.71;19.88;21.18;21.12;20.94;20.72;21.18;20.34;21.25;21.49;20.41;20.13;20.44;20.79;20.81;21.2;21.7
1999;9;22.3;22.32;22.75;22.72;22.25;22.08;23.26;21.73;23.8;22.21;22.72;23.79;21.82;22.86;22.64;22.03;22.31;23.17;23.36;22.37;22.39;21.89;21.67;22.28;21.65;22.01;21.78;23.2;23.22;22.23;22.91;22.11;22.28;22.28;21.9;23.03;23.04;22.94;22.25;22.27;23.13;22.52;23.27;22.4;22.29;23.88;22.07;22.38;22.69;21.78;22.32;22.01;22.28;22.83;23.41;22.34;22.28;22.27;22.25;22.32;22.52;23.78
1999;10;22.85;22.97;23.22;23.21;22.85;22.58;23.84;22.34;24.47;22.77;23.23;24.46;22.42;23.4;23.11;22.86;22.87;23.68;23.88;22.91;22.91;22.4;22.22;22.87;22.11;22.77;22.25;23.65;23.89;22.84;23.61;22.64;22.86;22.88;22.68;23.48;23.52;23.49;22.89;22.85;23.68;23.25;23.94;22.95;22.89;24.56;22.67;23.02;23.29;22.34;22.93;22.42;22.9;23.55;24.07;23.03;22.91;22.83;22.85;22.88;23.19;24.44
1999;11;22.79;22.71;23.36;23.23;22.83;22.4;23.63;22.45;23.76;22.59;23.23;23.81;22.33;23.29;23.27;22.89;22.71;23.6;23.68;22.93;23.06;22.24;22.04;22.78;21.9;22.84;22.05;23.58;23.49;22.7;23.25;22.44;22.75;22.69;22.66;23.5;23.52;23.3;22.92;22.87;23.29;22.87;23.57;23.06;22.91;23.79;22.54;22.85;23.08;22.3;22.67;22.19;22.7;23.12;23.61;22.81;22.88;22.74;22.65;22.84;22.88;23.78
1999;12;22.61;22.43;22.91;22.93;22.7;22.16;22.91;21.99;22.91;22.35;22.91;23;22.26;22.8;22.86;22.82;22.62;22.97;23.01;22.75;22.76;22.03;21.85;22.44;21.73;22.77;21.85;23.04;22.81;22.62;22.65;21.98;22.5;22.47;22.6;23;22.97;22.77;22.79;22.58;22.69;22.25;22.77;22.74;22.73;22.98;22.46;22.51;22.58;21.82;22.31;21.63;22.46;22.6;22.91;22.52;22.81;22.63;22.24;22.61;22.37;23.04
2000;1;22.28;22.27;22.85;22.81;22.47;22.02;22.8;21.97;22.67;22.21;22.76;22.75;22.16;22.57;22.78;22.73;22.45;22.89;22.93;22.5;22.57;21.91;21.75;22.17;21.63;22.71;21.76;22.96;22.65;22.49;22.53;21.77;22.22;22.31;22.51;22.93;22.89;22.71;22.66;22.28;22.36;22.36;22.57;22.63;22.54;22.82;22.34;22.63;22.5;21.69;22.16;21.42;22.31;22.59;22.73;22.39;22.65;22.35;22.04;22.29;22.5;22.87
2000;2;22.39;22.43;22.81;22.75;22.24;22.26;22.79;22.38;22.91;22.41;22.7;22.99;22.3;22.46;22.77;22.67;22.44;22.88;22.97;22.54;22.64;22.15;21.99;22.38;21.83;22.6;22.01;23;22.84;22.57;22.77;22.04;22.37;22.43;22.53;22.94;22.87;22.84;22.54;22.45;22.27;22.76;22.56;22.82;22.36;23.14;22.46;22.92;22.67;22.01;22.35;21.75;22.46;22.88;22.94;22.53;22.59;22.39;22.29;22.43;22.85;23.19
2000;3;22.66;22.85;22.86;22.91;22.5;22.39;22.91;22.49;23.02;22.55;22.89;23.07;22.31;22.7;22.79;22.83;22.72;22.95;23;22.75;22.69;22.17;22;22.67;21.85;22.8;22.01;23;22.9;22.65;22.83;22.37;22.68;22.7;22.61;22.96;22.94;22.83;22.78;22.62;22.52;23.02;22.75;22.79;22.63;23.28;22.5;22.95;22.66;22.16;22.77;22.06;22.7;22.98;23;22.85;22.81;22.67;22.69;22.69;23;23.26
2000;4;22.59;22.71;22.59;22.7;22.02;22.16;22.6;21.94;22.58;22.37;22.65;22.64;21.83;22.39;22.51;22.38;22.51;22.65;22.67;22.57;22.46;21.9;21.67;22.55;21.5;22.27;21.72;22.63;22.44;22.31;22.27;22.29;22.59;22.51;22.09;22.63;22.65;22.32;22.34;22.44;22.18;22.45;22.45;22.34;22.18;22.76;22.11;22.24;22.08;21.73;22.66;21.91;22.52;22.33;22.53;22.69;22.53;22.56;22.63;22.58;22.36;22.74
2000;5;21.71;21.75;22.04;21.89;20.31;20.79;21.87;21.24;21.84;20.98;21.81;21.93;19.88;21.36;21.98;20.68;21.29;22;22.02;21.64;21.83;20.32;19.98;21.89;20.02;20.56;20.24;22.07;21.8;20.7;21.68;21.69;21.78;21.32;20.18;22.08;22.04;21.76;20.88;21.82;21.08;21.45;21.63;21.82;20.68;22;20.37;21.53;21.54;21.28;21.73;21.45;21.24;21.6;21.91;21.56;21.18;21.53;21.83;21.8;21.48;22.04
2000;6;20.65;20.47;21.14;20.79;18.54;19.42;20.89;20.59;20.97;19.63;20.63;21.07;17.97;20.05;21.12;18.78;19.89;21.05;21.14;20.52;20.95;18.82;18.34;20.89;18.49;18.63;18.74;21.24;20.99;19.13;20.92;20.73;20.69;19.98;18.19;21.21;21.07;20.97;19.17;20.91;19.86;20.72;20.63;21.05;18.96;21.16;18.67;20.81;20.77;20.59;20.54;20.67;19.89;20.88;21.11;20.22;19.65;20.31;20.68;20.8;20.75;21.24
2000;7;19.88;19.82;20.36;19.88;17.97;18.92;20.14;20.36;20.6;18.98;19.73;20.64;17.41;19.27;20.41;17.98;19.03;20.28;20.42;19.73;20.35;18.32;17.84;20.37;18.19;17.94;18.38;20.65;20.45;18.41;20.47;20.36;20.03;19.27;17.49;20.52;20.28;20.51;18.42;20.41;19.3;20.42;19.92;20.68;18.26;20.86;18.04;20.49;20.36;20.36;19.99;20.46;19.17;20.48;20.59;19.47;18.76;19.47;20.18;20.13;20.43;20.86
2000;8;20.68;20.65;20.87;20.67;19.98;20.51;21.04;21;21.52;20.47;20.62;21.5;19.8;20.5;20.89;19.95;20.3;21.06;21.27;20.59;20.86;20.29;20.02;21.05;20.3;19.92;20.43;21.37;21.18;20.29;21.1;21.09;20.83;20.48;19.79;21.16;20.98;21.22;20.08;21.01;20.7;21.18;20.86;21.21;20.04;21.78;20.17;21.11;21.03;21.02;20.79;21.21;20.42;21.2;21.31;20.45;20.21;20.45;20.94;20.85;21.13;21.67
2000;9;22.6;22.46;22.88;22.89;22.57;22.13;23.3;22;24.09;22.29;22.88;24.02;22;22.96;22.79;22.46;22.51;23.23;23.41;22.61;22.61;21.99;21.79;22.58;21.78;22.5;21.85;23.27;23.4;22.44;23.18;22.34;22.57;22.43;22.26;23.11;23.12;23.06;22.6;22.57;23.28;22.86;23.3;22.59;22.58;24.26;22.27;22.54;22.86;22.1;22.44;22.23;22.38;23.18;23.59;22.42;22.54;22.53;22.43;22.62;22.78;24.1
2000;10;22.95;22.88;23.4;23.33;22.93;22.39;23.85;22.45;24.45;22.61;23.31;24.43;22.32;23.43;23.29;22.87;22.8;23.76;23.93;23.02;23.05;22.21;22.02;22.95;21.95;22.89;22.06;23.75;23.92;22.72;23.7;22.69;22.93;22.79;22.63;23.61;23.63;23.58;22.98;22.95;23.67;23.38;23.87;23.06;22.96;24.65;22.55;23.07;23.4;22.45;22.85;22.48;22.76;23.63;24.1;22.87;22.92;22.89;22.87;22.99;23.28;24.51
2000;11;22.95;22.84;23.23;23.24;22.98;22.49;23.42;22.39;23.61;22.69;23.24;23.62;22.41;23.28;23.16;23.06;22.9;23.41;23.47;23.06;23.04;22.35;22.17;22.88;22.04;23.02;22.18;23.4;23.28;22.82;23.07;22.52;22.88;22.82;22.77;23.35;23.36;23.15;23.07;22.99;23.22;22.67;23.37;23.01;23.05;23.65;22.64;22.71;22.95;22.32;22.79;22.24;22.81;22.94;23.38;22.89;23.06;22.94;22.73;22.98;22.7;23.61
2000;12;22.77;22.64;23;23.04;22.74;22.24;23.12;22.14;23.02;22.46;23.03;23.11;22.32;22.95;22.95;23;22.77;23.15;23.18;22.91;22.86;22.15;21.96;22.66;21.83;22.98;21.98;23.14;22.92;22.68;22.73;22.26;22.68;22.63;22.68;23.11;23.12;22.84;22.96;22.73;22.79;22.29;22.99;22.82;22.84;23.09;22.5;22.48;22.6;22.03;22.56;21.87;22.59;22.59;23.03;22.69;22.97;22.79;22.53;22.78;22.39;23.15
2001;1;22.48;22.38;22.89;22.83;22.48;22.05;22.86;22;22.75;22.24;22.78;22.83;22.13;22.62;22.86;22.77;22.49;22.94;23.02;22.64;22.7;21.92;21.76;22.31;21.69;22.74;21.8;23.08;22.74;22.46;22.61;21.94;22.37;22.39;22.51;23.02;22.92;22.82;22.69;22.44;22.44;22.38;22.66;22.77;22.57;22.91;22.31;22.7;22.61;21.74;22.33;21.55;22.39;22.64;22.81;22.54;22.68;22.5;22.2;22.48;22.52;22.94
2001;2;22.51;22.59;22.95;22.83;22.5;22.3;22.96;22.62;23.08;22.53;22.79;23.17;22.31;22.64;22.92;22.82;22.6;23.04;23.16;22.67;22.77;22.21;22;22.51;21.72;22.76;21.98;23.24;23.06;22.67;23.04;22.18;22.5;22.57;22.62;23.12;23.02;23.11;22.7;22.6;22.47;23.04;22.73;23.03;22.58;23.33;22.53;23.24;22.96;22.24;22.51;21.93;22.61;23.2;23.15;22.72;22.73;22.53;22.41;22.56;23.15;23.4
2001;3;22.61;22.72;23.06;22.88;22.42;22.35;23.06;22.7;23.48;22.54;22.85;23.51;22.25;22.72;23.02;22.74;22.66;23.13;23.22;22.73;22.85;22.2;22.02;22.62;21.77;22.67;22.01;23.29;23.24;22.61;23.22;22.4;22.61;22.64;22.55;23.21;23.12;23.14;22.64;22.68;22.67;23.48;22.91;23.11;22.52;23.77;22.47;23.38;22.98;22.27;22.67;22.19;22.65;23.5;23.37;22.78;22.72;22.61;22.6;22.66;23.45;23.77
2001;4;22.56;22.56;22.7;22.73;21.92;21.91;22.63;21.94;22.59;22.16;22.65;22.68;21.58;22.4;22.64;22.25;22.36;22.68;22.7;22.54;22.55;21.66;21.41;22.58;21.16;22.18;21.44;22.71;22.51;22.13;22.37;22.29;22.55;22.36;21.93;22.72;22.71;22.4;22.26;22.5;22.17;22.35;22.47;22.46;22.11;22.75;21.89;22.29;22.17;21.79;22.54;21.93;22.33;22.36;22.62;22.5;22.38;22.46;22.53;22.59;22.33;22.8
2001;5;21.72;21.67;21.99;21.83;20.33;20.75;21.93;21.31;21.91;20.97;21.74;22;19.86;21.38;21.94;20.73;21.23;22;22.05;21.65;21.86;20.31;19.95;21.9;19.91;20.59;20.15;22.06;21.84;20.71;21.71;21.66;21.76;21.29;20.21;22.05;22.01;21.76;20.85;21.88;21.16;21.42;21.72;21.86;20.66;22.05;20.36;21.53;21.53;21.33;21.67;21.45;21.21;21.6;21.95;21.49;21.17;21.51;21.77;21.84;21.46;22.1
2001;6;20.66;20.74;21.15;20.81;18.8;19.7;20.9;20.78;21.06;19.85;20.67;21.13;18.37;20.16;21.14;19.07;20.03;21.04;21.15;20.59;21.03;19.1;18.6;21.02;18.79;18.88;19.01;21.32;21.03;19.36;21.01;20.95;20.77;20.18;18.53;21.25;21.07;21.09;19.35;21.03;20.01;20.84;20.66;21.19;19.16;21.29;18.95;20.94;20.91;20.8;20.79;20.87;20.1;20.99;21.13;20.4;19.82;20.36;20.95;20.85;20.86;21.33
2001;7;20.1;20.03;20.45;20.01;18.27;19.39;20.31;20.59;20.62;19.4;19.88;20.7;17.97;19.49;20.48;18.33;19.36;20.43;20.59;19.94;20.46;18.78;18.31;20.62;18.73;18.19;18.88;20.79;20.56;18.76;20.56;20.66;20.28;19.57;17.92;20.64;20.41;20.63;18.63;20.63;19.53;20.59;20.07;20.83;18.51;20.95;18.46;20.62;20.47;20.62;20.19;20.76;19.49;20.6;20.71;19.73;19.06;19.75;20.42;20.36;20.56;20.97
2001;8;21.12;21.08;21.38;21.2;20.31;20.68;21.57;21.23;22.03;20.68;21.13;22.05;19.85;20.98;21.37;20.24;20.72;21.58;21.8;21.04;21.32;20.31;20.01;21.48;20.36;20.25;20.39;21.84;21.69;20.47;21.5;21.41;21.26;20.83;19.93;21.66;21.51;21.65;20.47;21.44;21.18;21.54;21.45;21.59;20.41;22.21;20.25;21.45;21.43;21.28;21.17;21.46;20.73;21.55;21.85;20.85;20.59;20.89;21.32;21.29;21.48;22.13
2001;9;22.46;22.45;22.96;22.89;22.72;21.97;23.6;21.83;24.43;22.14;22.91;24.44;21.77;23.26;22.85;22.13;22.37;23.44;23.71;22.5;22.56;21.72;21.48;22.5;21.51;22.31;21.59;23.45;23.73;22.22;23.39;22.28;22.47;22.34;21.98;23.26;23.27;23.21;22.56;22.45;23.73;22.89;23.76;22.55;22.69;24.5;22.02;22.59;22.98;21.95;22.44;22.15;22.29;23.24;23.97;22.41;22.38;22.39;22.42;22.5;22.83;24.42
2001;10;22.97;22.95;23.28;23.24;22.81;22.5;23.77;22.3;24.43;22.69;23.22;24.43;22.39;23.33;23.19;22.81;22.89;23.65;23.88;22.99;23;22.28;22.08;22.96;22.08;22.79;22.13;23.7;23.9;22.79;23.65;22.69;22.95;22.86;22.63;23.52;23.52;23.53;22.88;22.93;23.58;23.21;23.82;23;22.85;24.53;22.61;22.98;23.36;22.35;22.93;22.45;22.85;23.5;24.11;22.98;22.92;22.92;22.9;23;23.15;24.44
2001;11;22.85;22.78;23.22;23.19;22.85;22.48;23.54;22.3;23.89;22.67;23.19;23.92;22.5;23.26;23.14;22.95;22.79;23.49;23.62;22.97;22.99;22.33;22.13;22.82;22.03;22.88;22.15;23.52;23.53;22.84;23.29;22.43;22.8;22.75;22.79;23.4;23.4;23.31;22.93;22.89;23.33;22.77;23.55;23.01;22.89;23.9;22.7;22.85;23.12;22.23;22.7;22.14;22.76;23.11;23.68;22.82;22.96;22.83;22.67;22.9;22.82;23.87
2001;12;22.73;22.57;23.2;23.13;22.65;22.24;23.3;22.17;23.18;22.4;23.11;23.29;22.34;22.95;23.16;22.86;22.66;23.36;23.44;22.88;22.99;22.12;21.98;22.69;21.92;22.8;22.03;23.4;23.16;22.62;22.97;22.22;22.67;22.54;22.67;23.34;23.32;23.1;22.85;22.78;22.81;22.33;23.12;22.99;22.74;23.24;22.49;22.64;22.86;22.03;22.47;21.8;22.49;22.8;23.27;22.57;22.84;22.7;22.5;22.77;22.49;23.34
2002;1;22.54;22.35;23.35;23.07;22.49;22.11;23.3;22.37;23.21;22.27;23.04;23.34;22.16;22.86;23.27;22.7;22.47;23.4;23.49;22.74;22.95;21.95;21.78;22.47;21.72;22.65;21.82;23.52;23.24;22.47;23.11;21.99;22.46;22.37;22.48;23.47;23.4;23.22;22.7;22.63;22.65;22.59;23.05;23.07;22.6;23.32;22.33;22.92;23;22.03;22.24;21.65;22.37;23.02;23.34;22.46;22.68;22.53;22.23;22.58;22.79;23.47
2002;2;23.06;22.87;23.63;23.43;22.84;22.64;23.76;23.24;24;22.78;23.38;24.09;22.67;23.24;23.6;23.12;22.9;23.81;23.99;23.18;23.43;22.49;22.33;23.07;22.2;23.06;22.35;23.98;23.91;22.95;23.84;22.66;23.01;22.88;22.97;23.84;23.75;23.83;23.06;23.22;23.16;23.67;23.56;23.7;22.94;24.19;22.85;23.92;23.66;22.8;22.82;22.42;22.87;23.95;24.05;22.99;23.06;22.97;22.82;23.13;23.84;24.29
2002;3;22.84;22.93;23.28;23.13;22.57;22.54;23.37;22.95;23.63;22.77;23.1;23.69;22.43;22.94;23.22;22.91;22.84;23.44;23.54;22.93;23.04;22.39;22.19;22.9;21.96;22.86;22.19;23.51;23.47;22.84;23.4;22.59;22.86;22.86;22.74;23.43;23.4;23.37;22.85;22.9;22.81;23.56;23.19;23.27;22.71;23.92;22.68;23.55;23.21;22.47;22.88;22.27;22.88;23.6;23.59;23.01;22.9;22.81;22.84;22.9;23.57;23.92
2002;4;22.69;22.81;22.88;22.87;21.99;22.05;22.79;22.32;22.74;22.27;22.81;22.83;21.64;22.5;22.83;22.33;22.55;22.88;22.9;22.71;22.74;21.72;21.48;22.77;21.35;22.26;21.56;22.93;22.68;22.22;22.57;22.53;22.72;22.54;21.97;22.93;22.9;22.62;22.38;22.7;22.23;22.7;22.57;22.72;22.22;22.99;21.96;22.6;22.38;22.1;22.76;22.22;22.5;22.64;22.79;22.73;22.54;22.62;22.75;22.75;22.66;23
2002;5;21.72;21.66;22.06;21.91;20.41;20.75;22;21.26;21.94;20.94;21.84;22.07;19.84;21.5;21.99;20.66;21.25;22.08;22.14;21.66;21.85;20.32;19.96;21.87;19.93;20.54;20.21;22.15;21.94;20.68;21.79;21.62;21.74;21.25;20.14;22.14;22.1;21.85;20.89;21.86;21.29;21.37;21.83;21.85;20.74;22.02;20.35;21.47;21.63;21.34;21.61;21.41;21.16;21.61;22.06;21.43;21.17;21.51;21.7;21.82;21.42;22.13
2002;6;20.78;20.7;21.2;20.77;18.77;19.65;21.02;20.92;21.08;19.79;20.64;21.18;18.29;20.2;21.2;18.94;19.96;21.17;21.31;20.65;21.13;19.04;18.59;21.18;18.81;18.77;18.98;21.46;21.12;19.27;21.03;21.05;20.89;20.14;18.42;21.36;21.17;21.19;19.27;21.2;20.08;20.78;20.78;21.32;19.1;21.28;18.87;20.98;20.97;20.96;20.78;21;20.05;20.93;21.22;20.38;19.75;20.41;21;21;20.84;21.34
2002;7;20.08;20.07;20.38;19.95;18.52;19.33;20.33;20.57;20.77;19.35;19.83;20.85;18.16;19.53;20.41;18.39;19.32;20.42;20.64;19.92;20.42;18.8;18.43;20.64;18.77;18.34;18.92;20.79;20.65;18.84;20.61;20.6;20.28;19.57;18.07;20.62;20.38;20.63;18.75;20.65;19.66;20.58;20.15;20.78;18.68;21;18.59;20.6;20.45;20.59;20.21;20.69;19.48;20.64;20.81;19.74;19.06;19.69;20.4;20.38;20.58;21.07
2002;8;21.09;21.18;21.3;21.13;20.61;20.89;21.73;21.14;22.49;20.87;21.11;22.47;20.2;21.19;21.28;20.35;20.89;21.63;21.92;21.04;21.22;20.58;20.34;21.43;20.61;20.42;20.64;21.87;22.02;20.72;21.86;21.43;21.25;20.97;20.18;21.63;21.51;21.72;20.64;21.35;21.53;21.6;21.72;21.5;20.67;22.65;20.55;21.44;21.52;21.23;21.26;21.48;20.9;21.84;22.2;21.01;20.72;20.95;21.35;21.25;21.58;22.58
2002;9;22.53;22.56;23.15;22.99;22.74;22.16;23.79;22.05;24.69;22.38;23.02;24.64;22.08;23.34;23.04;22.41;22.53;23.63;23.91;22.63;22.73;21.95;21.74;22.58;21.7;22.52;21.79;23.66;24;22.44;23.71;22.39;22.55;22.51;22.24;23.46;23.47;23.5;22.68;22.56;23.75;23.19;23.93;22.82;22.75;24.79;22.27;22.92;23.29;22.07;22.58;22.27;22.52;23.63;24.22;22.64;22.56;22.51;22.51;22.58;23.16;24.67
2002;10;22.96;22.92;23.37;23.31;22.84;22.53;23.89;22.52;24.52;22.73;23.3;24.48;22.43;23.46;23.28;22.96;22.92;23.74;23.91;23.05;23.11;22.35;22.16;22.98;22.08;22.88;22.21;23.68;23.9;22.86;23.6;22.7;22.94;22.89;22.77;23.57;23.61;23.46;22.95;23.02;23.75;23.27;24;23.1;22.9;24.6;22.67;23.04;23.26;22.5;22.91;22.48;22.88;23.5;24.08;23;23;22.92;22.88;23.02;23.21;24.45
2002;11;23.09;22.9;23.45;23.46;22.93;22.5;23.8;22.5;23.97;22.7;23.46;23.98;22.54;23.49;23.34;23.1;22.92;23.74;23.81;23.18;23.19;22.37;22.18;23.02;22.05;23.04;22.2;23.63;23.62;22.87;23.36;22.58;23.01;22.85;22.85;23.58;23.66;23.37;23.12;23.08;23.5;22.98;23.78;23.14;23.04;24.04;22.72;23;23.16;22.39;22.81;22.27;22.81;23.26;23.75;22.88;23.11;23.03;22.85;23.11;23.01;23.94
2002;12;22.93;22.79;23.23;23.27;22.69;22.3;23.42;22.31;23.58;22.5;23.24;23.67;22.48;23.13;23.17;22.94;22.79;23.4;23.5;23.05;23.11;22.23;22.09;22.86;21.94;22.87;22.1;23.4;23.43;22.68;23.25;22.35;22.85;22.69;22.72;23.34;23.35;23.2;22.95;22.97;23.06;22.81;23.36;23.06;22.83;23.64;22.57;22.93;23.02;22.17;22.67;21.9;22.64;23.14;23.58;22.72;22.96;22.89;22.67;22.96;22.88;23.69
2003;1;22.5;22.4;23.17;22.99;22.42;22.26;23.33;22.37;23.35;22.46;22.96;23.46;22.34;22.85;23.12;22.68;22.46;23.36;23.5;22.7;22.91;22.17;21.99;22.43;21.82;22.62;21.99;23.45;23.36;22.58;23.23;21.99;22.41;22.43;22.57;23.35;23.29;23.24;22.65;22.63;22.73;22.93;23.15;23.11;22.54;23.49;22.47;23.19;23.06;21.97;22.31;21.62;22.49;23.24;23.47;22.55;22.65;22.48;22.22;22.56;23.06;23.59
2003;2;22.67;22.75;23.3;23.12;22.62;22.47;23.47;22.56;23.61;22.64;23.11;23.71;22.64;23;23.21;22.95;22.74;23.51;23.65;22.82;22.93;22.37;22.22;22.61;21.99;22.91;22.21;23.59;23.55;22.84;23.45;22.29;22.63;22.71;22.83;23.49;23.46;23.43;22.89;22.69;22.88;23.29;23.3;23.16;22.76;23.79;22.75;23.41;23.26;22.16;22.68;21.96;22.75;23.49;23.68;22.83;22.88;22.68;22.56;22.69;23.38;23.88
2003;3;22.87;23.02;23.36;23.25;22.72;22.67;23.49;22.9;23.7;22.91;23.22;23.77;22.67;23.07;23.28;23.09;22.96;23.53;23.66;22.99;23.03;22.57;22.38;22.89;22.1;23;22.36;23.66;23.62;23.02;23.55;22.61;22.88;22.97;22.94;23.55;23.48;23.52;22.98;22.87;22.94;23.51;23.35;23.29;22.85;23.96;22.87;23.54;23.37;22.48;22.94;22.3;23.01;23.62;23.74;23.1;23.05;22.89;22.86;22.9;23.53;23.96
2003;4;22.58;22.64;22.76;22.76;21.77;21.94;22.68;21.92;22.47;22.15;22.7;22.57;21.42;22.36;22.67;22.14;22.37;22.76;22.76;22.55;22.54;21.61;21.32;22.62;21.21;22.07;21.43;22.73;22.46;22.04;22.29;22.36;22.59;22.37;21.76;22.77;22.79;22.35;22.2;22.53;22.07;22.15;22.49;22.4;22.02;22.62;21.77;22.09;22.09;21.88;22.58;22.01;22.34;22.2;22.55;22.52;22.37;22.48;22.58;22.62;22.13;22.66
2003;5;21.77;21.71;22.05;21.87;20.51;20.91;21.94;21.33;21.89;21.09;21.8;21.99;20.1;21.43;22.01;20.86;21.3;22.05;22.11;21.73;21.94;20.49;20.18;21.98;20.12;20.71;20.39;22.15;21.89;20.86;21.76;21.78;21.81;21.36;20.42;22.13;22.07;21.84;20.98;21.98;21.2;21.44;21.73;21.93;20.81;22.03;20.56;21.52;21.6;21.48;21.73;21.57;21.29;21.65;21.99;21.52;21.26;21.56;21.86;21.9;21.47;22.11
2003;6;20.75;20.68;21.14;20.82;18.98;19.82;20.97;20.83;21.17;20;20.7;21.23;18.51;20.29;21.14;19.25;20.11;21.09;21.18;20.67;21.08;19.27;18.81;21.11;18.91;19.05;19.17;21.3;21.05;19.51;20.98;21;20.85;20.26;18.71;21.25;21.1;21.05;19.46;21.12;20.15;20.9;20.77;21.21;19.31;21.38;19.12;20.93;20.84;20.88;20.79;20.94;20.2;20.99;21.16;20.5;19.92;20.45;20.95;20.94;20.89;21.4
2003;7;19.8;19.85;20.14;19.74;18.34;19.32;20.07;20.43;20.59;19.26;19.65;20.61;18.03;19.38;20.17;18.23;19.12;20.16;20.33;19.67;20.16;18.83;18.42;20.35;18.88;18.16;18.98;20.5;20.34;18.73;20.33;20.44;20.02;19.37;17.92;20.35;20.14;20.38;18.58;20.34;19.5;20.62;19.91;20.6;18.51;20.9;18.51;20.54;20.22;20.45;19.97;20.66;19.29;20.53;20.45;19.44;18.88;19.46;20.2;20.06;20.53;20.86
2003;8;20.95;21.08;21.33;21.14;20.61;20.97;21.58;21.15;22.23;20.96;21.11;22.21;20.41;21.09;21.29;20.44;20.78;21.56;21.78;20.94;21.17;20.74;20.5;21.24;20.8;20.42;20.88;21.82;21.79;20.75;21.67;21.3;21.08;20.92;20.32;21.62;21.49;21.69;20.58;21.22;21.38;21.73;21.48;21.48;20.59;22.46;20.68;21.51;21.49;21.16;21.19;21.45;20.92;21.79;21.95;20.97;20.66;20.81;21.2;21.1;21.63;22.37
2003;9;22.81;22.85;23.25;23.21;23.04;22.46;23.91;22.22;24.77;22.66;23.25;24.72;22.22;23.52;23.15;22.83;22.8;23.74;24.03;22.88;22.86;22.27;22.04;22.86;22.01;22.94;22.11;23.82;24.12;22.69;23.86;22.6;22.84;22.77;22.54;23.58;23.57;23.7;23.02;22.78;23.91;23.41;24.03;22.96;23.03;24.89;22.51;23.12;23.52;22.25;22.83;22.4;22.76;23.82;24.29;22.84;22.87;22.79;22.81;22.84;23.35;24.74
2003;10;23.29;23.32;23.84;23.77;23.43;22.74;24.32;22.86;24.97;22.96;23.76;24.95;22.52;23.97;23.73;23.13;23.21;24.19;24.41;23.38;23.46;22.54;22.31;23.37;22.26;23.18;22.35;24.2;24.41;23.03;24.15;23.05;23.31;23.17;22.8;24.05;24.07;24.01;23.36;23.34;24.28;23.75;24.43;23.48;23.42;25.01;22.8;23.56;23.82;22.76;23.26;22.77;23.13;24.07;24.57;23.23;23.28;23.24;23.26;23.36;23.73;24.94
2003;11;23.13;23.05;23.61;23.53;23.12;22.84;24.01;22.69;24.27;23.02;23.53;24.31;22.83;23.65;23.51;23.23;23.03;23.93;24.09;23.22;23.3;22.72;22.55;23.12;22.43;23.14;22.58;23.94;23.95;23.14;23.68;22.77;23.09;23.06;23.08;23.81;23.83;23.71;23.19;23.16;23.79;23.22;24.01;23.32;23.18;24.28;23.03;23.24;23.49;22.55;23.03;22.46;23.09;23.53;24.11;23.18;23.19;23.07;23;23.17;23.26;24.27
2003;12;22.89;22.62;23.36;23.28;22.79;22.42;23.47;22.36;23.61;22.6;23.26;23.69;22.53;23.14;23.29;23.03;22.79;23.5;23.59;23.03;23.13;22.35;22.2;22.76;22.08;22.98;22.23;23.54;23.47;22.83;23.32;22.25;22.76;22.69;22.84;23.48;23.47;23.31;23.01;22.94;23.05;22.79;23.35;23.15;22.91;23.65;22.69;23.04;23.12;22.15;22.55;21.88;22.69;23.21;23.6;22.74;22.99;22.84;22.49;22.93;22.92;23.74
2004;1;22.83;22.57;23.44;23.24;22.78;22.38;23.55;22.61;23.52;22.55;23.21;23.65;22.42;23.12;23.41;23;22.72;23.6;23.73;23.03;23.27;22.27;22.09;22.78;21.98;22.97;22.14;23.71;23.56;22.77;23.44;22.21;22.75;22.63;22.75;23.62;23.54;23.54;22.98;23;22.97;23;23.36;23.47;22.89;23.63;22.62;23.45;23.34;22.2;22.48;21.78;22.61;23.42;23.68;22.66;22.95;22.78;22.47;22.91;23.22;23.77
2004;2;23.15;23.11;23.71;23.46;22.87;22.8;23.94;23.18;24.25;22.97;23.43;24.32;22.78;23.35;23.66;23.21;23.08;23.98;24.16;23.27;23.49;22.64;22.48;23.19;22.35;23.12;22.52;24.1;24.11;23.05;24;22.8;23.15;23.06;23.04;23.96;23.9;23.96;23.1;23.28;23.3;23.88;23.76;23.75;22.99;24.46;22.93;23.98;23.79;22.78;23.06;22.5;23.06;24.11;24.26;23.17;23.16;23.1;23.04;23.23;23.96;24.53
2004;3;22.86;22.96;23.13;23.09;22.61;22.46;23.16;22.77;23.41;22.67;23.03;23.47;22.29;22.85;23.07;22.93;22.91;23.18;23.3;22.94;22.96;22.24;22.03;22.92;21.85;22.86;22.04;23.29;23.29;22.78;23.24;22.61;22.89;22.85;22.66;23.22;23.16;23.13;22.84;22.9;22.74;23.38;23.02;23.11;22.7;23.7;22.57;23.28;22.98;22.42;22.89;22.32;22.84;23.35;23.43;22.99;22.95;22.86;22.84;22.92;23.34;23.71
2004;4;22.75;22.76;22.79;22.92;22.13;22;22.75;22.05;22.57;22.23;22.86;22.65;21.59;22.56;22.71;22.42;22.59;22.81;22.81;22.73;22.63;21.72;21.47;22.76;21.28;22.36;21.52;22.76;22.5;22.24;22.31;22.47;22.75;22.52;21.99;22.8;22.84;22.39;22.48;22.66;22.29;22.47;22.57;22.5;22.32;22.74;21.98;22.27;22.12;21.97;22.71;22.1;22.45;22.33;22.6;22.65;22.62;22.68;22.72;22.78;22.38;22.75
2004;5;21.79;21.79;22.18;22;20.38;20.84;22.04;21.45;21.93;21.1;21.9;22.03;19.79;21.47;22.12;20.72;21.34;22.17;22.2;21.76;22.01;20.39;19.96;21.99;19.88;20.53;20.18;22.22;21.92;20.79;21.78;21.77;21.84;21.39;20.19;22.23;22.2;21.87;20.88;21.98;21.19;21.45;21.79;22;20.7;22.05;20.38;21.55;21.62;21.49;21.78;21.58;21.34;21.65;22.03;21.6;21.24;21.59;21.86;21.91;21.48;22.14
2004;6;20.74;20.71;21.18;20.86;18.76;19.78;21.07;20.92;21.26;19.96;20.74;21.33;18.5;20.27;21.18;19.13;20.14;21.19;21.3;20.66;21.08;19.2;18.74;21.12;18.88;18.92;19.08;21.4;21.16;19.47;21.08;21.05;20.87;20.27;18.63;21.33;21.18;21.15;19.39;21.11;20.11;20.93;20.87;21.29;19.18;21.47;19.07;21.02;20.94;20.92;20.82;21.03;20.2;21.06;21.27;20.53;19.91;20.46;20.97;20.93;20.96;21.5
2004;7;20.33;20.31;20.68;20.27;18.51;19.54;20.67;20.75;21.3;19.59;20.15;21.32;18.27;19.82;20.7;18.61;19.59;20.73;20.95;20.17;20.67;18.97;18.53;20.81;18.84;18.53;19.02;21.09;21.03;19.09;21;20.82;20.5;19.82;18.25;20.92;20.69;20.96;18.95;20.79;19.9;20.92;20.56;21.05;18.82;21.55;18.8;20.94;20.79;20.77;20.44;20.9;19.74;21.02;21.18;20;19.33;19.97;20.66;20.56;20.91;21.53
2004;8;21.15;21.21;21.34;21.2;20.64;20.93;21.56;21.3;22.31;20.92;21.13;22.31;20.14;21.14;21.36;20.44;20.88;21.52;21.76;21.08;21.32;20.6;20.3;21.44;20.62;20.5;20.68;21.83;21.89;20.74;21.82;21.48;21.27;21;20.18;21.62;21.43;21.75;20.68;21.43;21.4;21.83;21.55;21.64;20.68;22.56;20.55;21.67;21.6;21.35;21.31;21.55;20.96;21.97;22.03;21.06;20.75;20.96;21.36;21.3;21.77;22.5
2004;9;22.45;22.46;22.96;22.88;22.58;22.1;23.39;22.18;24.22;22.2;22.86;24.22;22;22.99;22.88;22.29;22.39;23.3;23.53;22.57;22.69;21.92;21.75;22.53;21.76;22.33;21.9;23.36;23.6;22.28;23.35;22.39;22.46;22.35;22.1;23.2;23.18;23.13;22.49;22.59;23.39;23.11;23.44;22.77;22.52;24.36;22.16;22.77;22.9;22.2;22.46;22.31;22.3;23.34;23.83;22.39;22.45;22.4;22.45;22.53;23.01;24.25
2004;10;23.11;23.16;23.58;23.47;23.07;22.7;24.13;22.66;24.72;22.89;23.46;24.72;22.62;23.66;23.47;23.05;23.09;23.99;24.22;23.17;23.23;22.55;22.38;23.13;22.21;22.97;22.38;23.94;24.21;23.03;23.91;22.87;23.1;23.06;22.9;23.79;23.83;23.72;23.07;23.1;23.95;23.54;24.23;23.24;23.06;24.76;22.85;23.28;23.52;22.61;23.1;22.62;23.04;23.8;24.38;23.13;23.13;23.08;23.09;23.13;23.49;24.67
2004;11;23.08;22.86;23.51;23.43;22.97;22.67;23.76;22.67;23.96;22.85;23.43;23.99;22.62;23.45;23.41;23.14;22.96;23.73;23.82;23.19;23.23;22.56;22.36;23.05;22.24;23.07;22.38;23.71;23.66;22.97;23.43;22.66;23.01;22.9;22.91;23.64;23.66;23.45;23.14;23.15;23.45;22.93;23.74;23.23;23.07;23.97;22.82;23.01;23.25;22.62;22.81;22.43;22.9;23.27;23.79;22.95;23.14;23.04;22.84;23.12;22.99;23.95
2004;12;22.88;22.55;23.32;23.21;22.8;22.36;23.53;22.29;23.55;22.51;23.22;23.63;22.48;23.17;23.26;23.02;22.77;23.56;23.62;23;23.07;22.3;22.16;22.75;22.05;22.99;22.18;23.52;23.4;22.75;23.2;22.2;22.76;22.61;22.77;23.47;23.5;23.25;23;22.91;23.05;22.69;23.38;23.1;22.92;23.56;22.62;22.91;23.03;22.13;22.43;21.79;22.57;23.1;23.53;22.6;22.97;22.85;22.44;22.91;22.82;23.65
2005;1;22.56;22.42;23.22;23.04;22.6;22.18;23.3;22.27;23.32;22.35;23.03;23.41;22.32;22.93;23.16;22.7;22.46;23.36;23.47;22.76;22.96;22.11;21.97;22.53;21.79;22.68;22;23.45;23.3;22.52;23.17;22.11;22.5;22.41;22.51;23.37;23.32;23.26;22.75;22.73;22.78;22.79;23.09;23.09;22.69;23.45;22.42;23.09;23.1;22.06;22.33;21.76;22.4;23.19;23.4;22.45;22.68;22.53;22.32;22.63;22.95;23.52
2005;2;22.84;22.81;23.38;23.18;22.67;22.7;23.46;22.98;23.58;22.84;23.16;23.68;22.7;23.01;23.35;22.98;22.86;23.53;23.64;22.98;23.18;22.56;22.4;22.85;22.23;22.93;22.39;23.67;23.53;22.92;23.45;22.42;22.81;22.81;22.88;23.56;23.48;23.49;22.92;23.01;22.89;23.34;23.27;23.43;22.79;23.75;22.83;23.45;23.32;22.6;22.7;22.2;22.86;23.52;23.63;22.93;22.94;22.82;22.62;22.92;23.41;23.84
2005;3;22.76;22.97;23.03;22.99;22.65;22.62;23.01;22.8;23.28;22.86;22.96;23.33;22.55;22.79;22.99;23;22.92;23.06;23.13;22.87;22.88;22.45;22.25;22.75;21.98;22.92;22.2;23.18;23.1;22.95;23.05;22.49;22.76;22.91;22.84;23.14;23.06;23;22.86;22.75;22.65;23.21;22.87;23.07;22.73;23.53;22.78;23.19;22.83;22.36;22.91;22.18;22.98;23.26;23.22;23.13;22.98;22.81;22.78;22.78;23.2;23.55
2005;4;22.78;22.8;22.89;22.89;22.1;22.04;22.84;22.26;22.89;22.28;22.84;22.96;21.56;22.61;22.81;22.38;22.61;22.89;22.91;22.74;22.71;21.71;21.42;22.82;21.28;22.3;21.49;22.89;22.74;22.25;22.59;22.54;22.78;22.56;21.97;22.91;22.91;22.57;22.43;22.72;22.41;22.62;22.71;22.67;22.31;23.04;21.95;22.51;22.34;22.1;22.76;22.21;22.5;22.65;22.85;22.7;22.59;22.69;22.76;22.81;22.58;23.07
2005;5;21.89;21.88;22.18;21.97;20.55;20.99;22.16;21.49;22.17;21.21;21.91;22.25;20.02;21.61;22.12;20.82;21.48;22.23;22.27;21.8;22;20.54;20.13;22.1;20.08;20.68;20.36;22.28;22.09;20.93;21.93;21.89;21.95;21.5;20.31;22.27;22.23;21.99;21;22.06;21.42;21.58;21.99;22.04;20.86;22.29;20.55;21.69;21.77;21.59;21.86;21.67;21.43;21.81;22.19;21.66;21.34;21.69;21.96;22.01;21.63;22.32
2005;6;20.5;20.41;20.96;20.55;18.8;19.59;20.9;20.78;21.2;19.65;20.44;21.28;18.43;20.11;20.96;18.89;19.69;21.01;21.17;20.37;20.87;19.04;18.66;20.9;18.89;18.74;19.01;21.28;21.12;19.18;21.05;20.83;20.61;19.91;18.48;21.16;20.98;21.07;19.2;20.93;20.05;20.83;20.73;21.13;19.1;21.38;18.9;20.9;20.89;20.78;20.51;20.86;19.82;20.98;21.26;20.1;19.53;20.13;20.68;20.72;20.86;21.43
2005;7;20.09;20.11;20.53;20.14;18.63;19.45;20.5;20.53;20.94;19.48;20.04;20.99;18.31;19.74;20.54;18.62;19.43;20.59;20.76;19.99;20.45;18.94;18.58;20.6;18.92;18.57;19.03;20.87;20.7;18.98;20.62;20.61;20.27;19.65;18.25;20.74;20.56;20.68;18.97;20.57;19.83;20.57;20.33;20.78;18.86;21.11;18.74;20.61;20.48;20.59;20.24;20.71;19.59;20.65;20.85;19.84;19.22;19.76;20.41;20.34;20.58;21.14
2005;8;21.06;21.11;21.44;21.29;20.53;20.85;21.78;21.07;22.14;20.86;21.3;22.18;20.28;21.26;21.39;20.38;20.82;21.79;21.99;21.03;21.21;20.59;20.38;21.36;20.63;20.44;20.62;21.98;21.86;20.72;21.7;21.33;21.18;20.93;20.22;21.77;21.7;21.77;20.7;21.29;21.41;21.51;21.65;21.46;20.65;22.24;20.58;21.45;21.55;21.15;21.2;21.39;20.9;21.67;22;21.01;20.74;20.89;21.25;21.21;21.51;22.24
2005;9;22.53;22.47;22.95;22.94;22.54;22.15;23.48;22.11;24.13;22.35;22.92;24.14;22.03;23.05;22.87;22.37;22.45;23.36;23.62;22.62;22.67;21.99;21.77;22.52;21.69;22.42;21.84;23.46;23.65;22.43;23.39;22.32;22.49;22.44;22.2;23.24;23.21;23.26;22.57;22.56;23.37;22.93;23.52;22.73;22.57;24.27;22.26;22.76;23.04;22.1;22.48;22.22;22.46;23.25;23.85;22.53;22.52;22.48;22.42;22.57;22.91;24.18
2005;10;23;22.92;23.41;23.42;22.99;22.59;23.85;22.6;24.35;22.72;23.41;24.34;22.42;23.52;23.33;23.04;22.95;23.71;23.88;23.13;23.16;22.35;22.16;22.97;22.15;23.02;22.23;23.7;23.83;22.83;23.54;22.72;22.97;22.89;22.73;23.58;23.6;23.45;23.09;23.01;23.76;23.16;23.94;23.11;23.05;24.47;22.65;22.99;23.21;22.51;22.95;22.53;22.85;23.44;24.01;22.96;23.09;23;22.9;23.02;23.14;24.36
2005;11;23.17;23.1;23.61;23.56;23.26;22.76;23.95;22.7;23.95;22.93;23.58;23.99;22.69;23.67;23.52;23.24;23.11;23.9;23.98;23.28;23.32;22.62;22.44;23.13;22.3;23.24;22.47;23.84;23.73;23.06;23.47;22.76;23.12;23.06;23;23.76;23.81;23.53;23.32;23.19;23.62;23.01;23.88;23.3;23.32;24.02;22.91;23.02;23.29;22.57;23.06;22.46;23.04;23.28;23.85;23.12;23.27;23.14;23;23.2;23.03;23.97
2005;12;23.08;22.93;23.65;23.52;22.97;22.51;23.85;22.66;23.66;22.72;23.53;23.77;22.53;23.52;23.58;23.09;22.93;23.86;23.91;23.24;23.41;22.42;22.23;23.04;22.11;23.08;22.26;23.86;23.63;22.89;23.39;22.56;23;22.86;22.85;23.8;23.81;23.58;23.18;23.2;23.4;22.89;23.76;23.44;23.12;23.64;22.72;23.3;23.36;22.46;22.83;22.15;22.84;23.28;23.73;22.91;23.13;23.02;22.84;23.14;23.08;23.71
