ANO;MÊS;1100015 - Alta Floresta D'Oeste;1100023 - Ariquemes;1100031 - Cabixi;1100049 - Cacoal;1100056 - Cerejeiras;1100064 - Colorado do Oeste;1100072 - Corumbiara;1100080 - Costa Marques;1100098 - Espigão D'Oeste;1100106 - Guajará-Mirim;1100114 - Jaru;1100122 - Ji-Paraná;1100130 - Machadinho D'Oeste;1100148 - Nova Brasilândia D'Oeste;1100155 - Ouro Preto do Oeste;1100189 - Pimenta Bueno;1100205 - Porto Velho;1100254 - Presidente Médici;1100262 - Rio Crespo;1100288 - Rolim de Moura;1100296 - Santa Luzia D'Oeste;1100304 - Vilhena;1100320 - São Miguel do Guaporé;1100338 - Nova Mamoré;1100346 - Alvorada D'Oeste;1100379 - Alto Alegre dos Parecis;1100403 - Alto Paraíso;1100452 - Buritis;1100502 - Novo Horizonte do Oeste;1100601 - Cacaulândia;1100700 - Campo Novo de Rondônia;1100809 - Candeias do Jamari;1100908 - Castanheiras;1100924 - Chupinguaia;1100940 - Cujubim;1101005 - Governador Jorge Teixeira;1101104 - Itapuã do Oeste;1101203 - Ministro Andreazza;1101302 - Mirante da Serra;1101401 - Monte Negro;1101435 - Nova União;1101450 - Parecis;1101468 - Pimenteiras do Oeste;1101476 - Primavera de Rondônia;1101484 - São Felipe D'Oeste;1101492 - São Francisco do Guaporé;1101500 - Seringueiras;1101559 - Teixeirópolis;1101609 - Theobroma;1101708 - Urupá;1101757 - Vale do Anari;1101807 - Vale do Paraíso
1986;1;21.4;21.46;20.89;21.3;21.27;20.66;21.09;21.74;20.98;21.57;21.29;21.3;21.67;21.27;21.41;20.95;21.95;21.37;21.67;21.22;21.05;20.73;21.34;21.62;21.27;21.3;21.75;21.51;21.18;21.22;21.23;22.07;21.37;20.9;21.91;21.12;21.91;21.22;21.17;21.3;21.25;21;21.17;21.2;21.25;21.6;21.46;21.41;21.43;21.31;21.42;21.41
1986;2;21.52;21.62;20.98;21.46;21.36;20.77;21.19;21.92;21.12;21.78;21.46;21.45;21.77;21.42;21.57;21.1;22.16;21.54;21.8;21.38;21.18;20.86;21.51;21.84;21.44;21.41;21.89;21.7;21.33;21.39;21.43;22.2;21.54;21.03;22.02;21.31;22.02;21.39;21.35;21.48;21.43;21.15;21.27;21.37;21.42;21.76;21.64;21.57;21.57;21.48;21.54;21.57
1986;3;21.27;21.66;20.62;21.31;21.05;20.45;20.9;21.66;20.98;21.59;21.42;21.41;21.92;21.27;21.55;20.9;22.25;21.4;21.87;21.18;20.95;20.66;21.32;21.76;21.31;21.16;21.96;21.7;21.15;21.39;21.38;22.33;21.4;20.78;22.14;21.23;22.14;21.26;21.28;21.47;21.37;20.9;20.96;21.15;21.22;21.5;21.42;21.51;21.6;21.38;21.59;21.55
1986;4;19.86;20.6;19.02;20.15;19.54;18.89;19.43;20.41;19.84;20.42;20.28;20.41;21.05;20.04;20.5;19.62;21.27;20.22;20.91;19.93;19.6;19.31;20.06;20.65;20.09;19.74;20.95;20.62;19.9;20.24;20.25;21.42;20.22;19.39;21.23;20.04;21.23;20.12;20.09;20.35;20.19;19.56;19.46;19.93;19.97;20.15;20.14;20.36;20.61;20.18;20.67;20.5
1986;5;17.58;18.84;16.84;18.08;17.27;16.7;17.18;18.51;17.71;18.6;18.37;18.54;19.36;17.95;18.63;17.42;19.7;18.17;19.22;17.8;17.35;17.11;17.99;18.91;18.06;17.44;19.3;18.89;17.76;18.4;18.47;19.86;18.17;17.15;19.61;18.12;19.61;18.04;18.14;18.58;18.23;17.32;17.2;17.8;17.85;18.01;18.06;18.41;18.81;18.18;18.91;18.63
1986;6;15.75;17.25;15.19;16.5;15.55;15;15.46;16.82;15.95;16.91;16.8;16.98;17.61;16.29;17.1;15.69;17.92;16.62;17.55;16.15;15.52;15.35;16.22;17.2;16.4;15.62;17.63;17.3;16.07;16.82;16.86;18;16.62;15.4;17.85;16.48;17.85;16.43;16.51;16.96;16.65;15.56;15.45;16.17;16.23;16.23;16.27;16.88;17.24;16.61;17.3;17.1
1986;7;15.29;17.02;14.98;16.27;15.22;14.8;15.13;16.34;15.61;16.43;16.53;16.74;17.2;16.02;16.91;15.35;17.13;16.45;17.26;15.89;15.09;15.07;15.72;16.64;16.03;15.19;17.29;17;15.81;16.56;16.58;17.4;16.45;15.07;17.44;16.12;17.44;16.2;16.17;16.69;16.34;15.13;15.1;15.88;15.98;15.73;15.71;16.7;16.99;16.32;17.02;16.91
1986;8;17.85;19.57;17.79;19.3;17.98;17.69;17.93;18.95;18.35;19.01;19.3;19.6;19.68;18.84;19.83;18.14;19.41;19.54;19.68;18.86;17.75;17.8;18.32;19.14;18.8;17.79;19.69;19.47;18.74;19.15;19.12;19.66;19.54;17.85;19.76;18.8;19.76;19.18;18.88;19.2;19.09;17.9;17.8;18.84;18.99;18.32;18.3;19.68;19.65;19.15;19.67;19.83
1986;9;20.33;21.34;20.1;21.41;20.38;19.91;20.27;21.15;20.56;21.02;21.2;21.44;21.6;21;21.62;20.34;21.46;21.6;21.53;21.03;20.14;19.95;20.63;21.04;20.94;20.26;21.53;21.23;20.9;20.97;20.86;21.68;21.6;20.09;21.68;20.77;21.68;21.29;20.88;20.97;21.1;20.24;20.2;21.04;21.17;20.75;20.67;21.63;21.44;21.23;21.45;21.62
1986;10;21.12;21.57;20.61;21.45;21.03;20.38;20.86;21.58;20.95;21.46;21.37;21.45;21.87;21.27;21.6;20.83;22.07;21.57;21.78;21.26;20.79;20.55;21.17;21.61;21.24;21.02;21.86;21.61;21.18;21.26;21.24;22.16;21.57;20.67;22.02;21.1;22.02;21.34;21.17;21.34;21.32;20.81;20.87;21.25;21.34;21.41;21.27;21.61;21.55;21.39;21.57;21.6
1986;11;21.48;21.8;20.94;21.56;21.33;20.71;21.17;21.9;21.14;21.77;21.58;21.58;22;21.47;21.74;21.08;22.31;21.65;22.02;21.42;21.14;20.82;21.51;21.89;21.48;21.37;22.1;21.85;21.36;21.51;21.51;22.41;21.65;20.98;22.25;21.36;22.25;21.48;21.42;21.59;21.53;21.11;21.21;21.41;21.48;21.75;21.64;21.73;21.76;21.57;21.72;21.74
1986;12;21.52;21.7;21.01;21.54;21.37;20.83;21.23;21.93;21.24;21.77;21.52;21.54;21.98;21.46;21.64;21.19;22.18;21.6;21.92;21.43;21.23;20.97;21.52;21.81;21.47;21.42;21.98;21.74;21.38;21.47;21.47;22.31;21.6;21.1;22.17;21.35;22.17;21.46;21.4;21.54;21.48;21.21;21.28;21.44;21.49;21.76;21.63;21.63;21.67;21.52;21.68;21.64
1987;1;21.43;21.5;21.01;21.29;21.33;20.74;21.15;21.81;20.96;21.64;21.31;21.33;21.8;21.25;21.43;20.96;22.03;21.35;21.73;21.2;21.05;20.76;21.36;21.67;21.27;21.33;21.78;21.54;21.14;21.25;21.27;22.14;21.35;20.93;21.99;21.16;21.99;21.22;21.19;21.33;21.27;21.03;21.24;21.2;21.25;21.64;21.49;21.41;21.48;21.31;21.48;21.43
1987;2;21.53;21.61;21.01;21.42;21.38;20.74;21.2;21.86;21.09;21.72;21.41;21.43;21.87;21.37;21.53;21.06;22.16;21.49;21.8;21.33;21.17;20.82;21.45;21.81;21.36;21.43;21.89;21.69;21.28;21.35;21.41;22.22;21.49;21;22.05;21.25;22.05;21.36;21.28;21.46;21.36;21.14;21.29;21.33;21.39;21.73;21.58;21.53;21.56;21.4;21.56;21.53
1987;3;21.51;21.89;20.83;21.53;21.27;20.63;21.11;21.89;21.19;21.79;21.64;21.67;22.18;21.48;21.81;21.09;22.4;21.61;22.12;21.39;21.16;20.84;21.55;21.92;21.52;21.38;22.18;21.9;21.36;21.6;21.57;22.53;21.61;20.97;22.38;21.44;22.38;21.49;21.49;21.68;21.59;21.11;21.18;21.36;21.43;21.76;21.66;21.74;21.87;21.59;21.87;21.81
1987;4;20.41;21.1;19.52;20.54;20.05;19.37;19.91;20.95;20.17;20.92;20.75;20.81;21.46;20.52;20.95;20.02;21.76;20.63;21.41;20.38;20.09;19.72;20.59;21.14;20.57;20.26;21.48;21.13;20.37;20.74;20.74;21.92;20.63;19.84;21.71;20.53;21.71;20.49;20.57;20.86;20.67;20.01;19.96;20.33;20.39;20.72;20.7;20.82;21.07;20.65;21.09;20.95
1987;5;17.96;19.21;17.21;18.47;17.67;17.07;17.58;18.82;18.05;18.92;18.75;18.91;19.66;18.35;18.99;17.8;20;18.56;19.57;18.2;17.77;17.45;18.35;19.24;18.45;17.85;19.65;19.27;18.15;18.77;18.83;20.11;18.56;17.53;19.9;18.49;19.9;18.42;18.51;18.95;18.61;17.72;17.58;18.19;18.25;18.34;18.41;18.8;19.18;18.58;19.27;18.99
1987;6;15.72;17.32;15.06;16.44;15.47;14.9;15.38;16.84;15.88;16.97;16.83;16.95;17.65;16.3;17.1;15.62;17.99;16.56;17.6;16.07;15.46;15.27;16.24;17.29;16.42;15.58;17.7;17.39;16.02;16.89;16.94;18.05;16.56;15.33;17.89;16.54;17.89;16.36;16.57;17.04;16.7;15.46;15.36;16.08;16.13;16.2;16.26;16.89;17.26;16.63;17.31;17.1
1987;7;15.64;17.29;15.23;16.61;15.55;15.08;15.47;16.74;15.86;16.82;16.85;17.03;17.49;16.38;17.19;15.65;17.5;16.79;17.48;16.27;15.47;15.29;16.11;17.02;16.4;15.55;17.54;17.31;16.17;16.86;16.9;17.64;16.79;15.38;17.64;16.47;17.64;16.51;16.51;16.98;16.69;15.51;15.41;16.26;16.37;16.1;16.1;17.03;17.26;16.67;17.28;17.19
1987;8;18.19;19.82;18.08;19.73;18.34;18;18.29;19.15;18.7;19.22;19.61;19.89;19.97;19.21;20.15;18.5;19.76;19.97;19.95;19.29;18.17;18.1;18.61;19.36;19.12;18.17;19.96;19.71;19.15;19.42;19.34;20;19.97;18.2;20.06;19.09;20.06;19.61;19.19;19.44;19.42;18.33;18.14;19.28;19.44;18.6;18.56;20.06;19.9;19.51;19.89;20.15
1987;9;20.78;21.6;20.73;21.84;20.99;20.52;20.86;21.43;20.97;21.26;21.53;21.83;21.95;21.41;21.97;20.83;21.63;22.03;21.78;21.5;20.62;20.5;20.95;21.22;21.28;20.76;21.73;21.45;21.36;21.26;21.11;21.83;22.03;20.63;21.91;21.06;21.91;21.69;21.19;21.21;21.42;20.75;20.77;21.53;21.65;21.12;20.98;22;21.76;21.59;21.82;21.97
1987;10;21.46;22;21.03;21.84;21.42;20.8;21.26;21.93;21.28;21.81;21.76;21.9;22.28;21.65;22.04;21.18;22.42;21.97;22.24;21.64;21.18;20.88;21.52;21.92;21.6;21.38;22.3;21.98;21.56;21.64;21.59;22.58;21.97;21.05;22.46;21.45;22.46;21.74;21.53;21.72;21.68;21.21;21.25;21.64;21.73;21.74;21.61;22.02;22.02;21.76;22.02;22.04
1987;11;22.13;22.32;21.69;22.12;22.04;21.41;21.86;22.5;21.68;22.34;22.1;22.12;22.59;22.04;22.26;21.69;22.82;22.21;22.54;22.02;21.77;21.43;22.09;22.42;22.05;22.03;22.62;22.38;21.95;22.03;22.05;22.91;22.21;21.63;22.78;21.9;22.78;22.02;21.95;22.13;22.05;21.76;21.92;22.02;22.08;22.37;22.23;22.25;22.28;22.11;22.27;22.26
1987;12;21.78;21.97;21.26;21.75;21.63;21.02;21.46;22.12;21.4;22;21.77;21.77;22.21;21.7;21.9;21.36;22.45;21.83;22.17;21.64;21.44;21.13;21.77;22.07;21.72;21.68;22.25;22.02;21.59;21.72;21.74;22.56;21.83;21.29;22.41;21.61;22.41;21.68;21.65;21.81;21.73;21.4;21.52;21.64;21.7;21.98;21.88;21.88;21.92;21.77;21.91;21.9
1988;1;22.05;22.18;21.61;21.95;21.93;21.32;21.75;22.37;21.61;22.21;21.96;22.01;22.51;21.91;22.1;21.58;22.66;22.01;22.41;21.86;21.69;21.36;21.99;22.25;21.92;21.95;22.47;22.22;21.82;21.91;21.92;22.82;22.01;21.53;22.67;21.79;22.67;21.87;21.84;22;21.92;21.66;21.84;21.85;21.9;22.25;22.12;22.07;22.16;21.96;22.18;22.1
1988;2;21.95;22.21;21.39;21.88;21.77;21.14;21.6;22.3;21.53;22.2;21.96;21.95;22.44;21.86;22.08;21.49;22.74;21.95;22.44;21.79;21.6;21.24;21.95;22.33;21.88;21.84;22.53;22.28;21.75;21.93;21.95;22.86;21.95;21.42;22.69;21.79;22.69;21.81;21.83;22.04;21.91;21.55;21.67;21.76;21.82;22.18;22.07;22.04;22.15;21.93;22.13;22.08
1988;3;21.79;22.04;21.18;21.76;21.6;20.97;21.44;22.19;21.44;22.08;21.82;21.83;22.33;21.72;21.95;21.37;22.6;21.83;22.27;21.65;21.45;21.12;21.8;22.18;21.74;21.68;22.34;22.09;21.62;21.78;21.79;22.69;21.83;21.28;22.53;21.65;22.53;21.69;21.69;21.87;21.77;21.41;21.5;21.64;21.69;22.04;21.93;21.91;22.01;21.79;22.01;21.95
1988;4;20.19;21.06;19.42;20.48;19.89;19.29;19.8;20.75;20.2;20.78;20.69;20.78;21.5;20.4;20.88;19.98;21.74;20.55;21.38;20.28;19.96;19.7;20.41;21.04;20.45;20.08;21.44;21.08;20.25;20.71;20.68;21.91;20.55;19.77;21.71;20.45;21.71;20.43;20.5;20.82;20.59;19.93;19.81;20.27;20.32;20.48;20.49;20.73;21.03;20.56;21.09;20.88
1988;5;17.95;19.23;17.17;18.49;17.63;17.03;17.54;18.78;18.17;18.88;18.77;18.97;19.79;18.34;19.04;17.84;20;18.57;19.61;18.19;17.73;17.53;18.33;19.2;18.44;17.82;19.67;19.26;18.14;18.79;18.81;20.17;18.57;17.54;19.97;18.5;19.97;18.45;18.53;18.94;18.63;17.7;17.56;18.2;18.24;18.31;18.39;18.82;19.23;18.58;19.35;19.04
1988;6;15.86;17.5;15.23;16.59;15.59;15.05;15.5;17.08;16.07;17.23;16.97;17.13;17.83;16.42;17.24;15.77;18.19;16.71;17.79;16.25;15.61;15.43;16.38;17.54;16.54;15.71;17.88;17.6;16.18;17.04;17.17;18.24;16.71;15.46;18.08;16.69;18.08;16.52;16.69;17.25;16.8;15.62;15.5;16.25;16.31;16.37;16.41;17;17.43;16.73;17.5;17.24
1988;7;15.25;17.27;14.94;16.43;15.19;14.82;15.14;16.4;15.79;16.58;16.72;17;17.54;16.09;17.13;15.45;17.44;16.6;17.52;15.98;15.08;15.18;15.76;16.88;16.12;15.16;17.55;17.27;15.88;16.76;16.82;17.68;16.6;15.13;17.71;16.29;17.71;16.38;16.33;16.93;16.5;15.21;15.07;16;16.08;15.71;15.72;16.87;17.26;16.45;17.34;17.13
1988;8;17.81;19.67;17.76;19.42;17.94;17.68;17.92;18.77;18.57;18.93;19.36;19.72;19.86;18.87;19.93;18.26;19.53;19.63;19.84;18.93;17.78;17.96;18.25;19.16;18.78;17.78;19.81;19.55;18.8;19.21;19.17;19.83;19.63;17.93;19.93;18.81;19.93;19.34;18.89;19.28;19.11;17.98;17.77;18.94;19.06;18.2;18.17;19.74;19.79;19.18;19.83;19.93
1988;9;20.97;21.88;20.93;22.01;21.15;20.64;21.02;21.61;21.18;21.52;21.75;21.99;22.04;21.59;22.16;21.01;21.88;22.19;22.04;21.66;20.77;20.68;21.14;21.58;21.46;20.94;22.05;21.8;21.53;21.53;21.44;22.11;22.19;20.8;22.14;21.31;22.14;21.86;21.42;21.54;21.65;20.91;20.97;21.67;21.79;21.28;21.15;22.19;21.96;21.79;21.97;22.16
1988;10;21.83;22.16;21.49;22.19;21.88;21.2;21.7;22.17;21.64;22.01;22.01;22.08;22.42;21.96;22.25;21.56;22.5;22.31;22.37;22.01;21.55;21.26;21.82;22.08;21.91;21.78;22.43;22.15;21.91;21.87;21.79;22.67;22.31;21.45;22.58;21.72;22.58;22.05;21.82;21.91;21.97;21.6;21.69;22.03;22.12;22.06;21.92;22.3;22.16;22.07;22.14;22.25
1988;11;21.89;22.14;21.33;21.97;21.74;21.14;21.59;22.28;21.54;22.17;21.96;21.99;22.38;21.89;22.13;21.49;22.64;22.06;22.35;21.84;21.58;21.23;21.92;22.26;21.9;21.79;22.42;22.18;21.79;21.87;21.87;22.74;22.06;21.41;22.58;21.76;22.58;21.9;21.82;21.95;21.91;21.56;21.61;21.83;21.89;22.13;22.04;22.12;22.12;21.97;22.1;22.13
1988;12;21.51;21.7;20.98;21.46;21.36;20.75;21.2;21.88;21.15;21.76;21.5;21.5;21.92;21.42;21.62;21.11;22.16;21.53;21.91;21.37;21.19;20.88;21.49;21.81;21.43;21.41;21.98;21.75;21.33;21.46;21.47;22.28;21.53;21.03;22.13;21.34;22.13;21.38;21.38;21.54;21.45;21.16;21.26;21.37;21.42;21.72;21.6;21.59;21.67;21.48;21.65;21.62
1989;1;21.46;21.58;20.99;21.31;21.33;20.72;21.15;21.85;21;21.69;21.38;21.38;21.87;21.3;21.5;20.97;22.08;21.38;21.8;21.23;21.08;20.78;21.41;21.72;21.33;21.35;21.86;21.63;21.2;21.33;21.36;22.21;21.38;20.93;22.06;21.23;22.06;21.23;21.27;21.42;21.34;21.04;21.24;21.21;21.27;21.67;21.54;21.47;21.55;21.37;21.55;21.5
1989;2;21.4;21.54;20.88;21.31;21.24;20.65;21.07;21.78;21;21.63;21.32;21.37;21.87;21.25;21.46;20.96;22.11;21.37;21.79;21.2;21.03;20.75;21.37;21.69;21.28;21.28;21.86;21.59;21.15;21.26;21.29;22.21;21.37;20.89;22.06;21.16;22.06;21.24;21.2;21.37;21.27;20.99;21.14;21.2;21.25;21.64;21.51;21.42;21.51;21.31;21.54;21.46
1989;3;21.34;21.69;20.7;21.4;21.13;20.52;20.99;21.69;21.09;21.63;21.45;21.5;22.04;21.33;21.59;21;22.26;21.47;21.95;21.27;21.04;20.75;21.38;21.78;21.36;21.23;22.02;21.73;21.23;21.41;21.4;22.39;21.47;20.87;22.23;21.27;22.23;21.36;21.32;21.5;21.4;21;21.04;21.26;21.31;21.55;21.48;21.54;21.67;21.43;21.69;21.59
1989;4;19.58;20.53;18.84;19.99;19.33;18.77;19.26;20.07;19.75;20.17;20.14;20.31;21;19.86;20.39;19.51;21.19;20.05;20.87;19.77;19.43;19.24;19.78;20.47;19.89;19.5;20.91;20.52;19.72;20.14;20.12;21.38;20.05;19.27;21.2;19.88;21.2;19.97;19.93;20.26;20.03;19.42;19.26;19.77;19.81;19.81;19.81;20.21;20.54;20.01;20.61;20.39
1989;5;17.24;18.62;16.56;17.78;16.97;16.43;16.89;18.16;17.45;18.31;18.11;18.27;19.13;17.66;18.35;17.17;19.36;17.88;18.96;17.51;17.04;16.91;17.63;18.65;17.75;17.13;19.04;18.7;17.47;18.17;18.27;19.51;17.88;16.9;19.31;17.86;19.31;17.73;17.87;18.37;17.96;17.02;16.91;17.5;17.56;17.63;17.66;18.13;18.56;17.9;18.67;18.35
1989;6;15.57;17.36;14.94;16.49;15.33;14.78;15.28;16.68;15.96;16.87;16.81;17.05;17.78;16.25;17.15;15.62;17.97;16.61;17.7;16.1;15.42;15.26;16.09;17.25;16.34;15.46;17.76;17.41;16.03;16.84;16.92;18.09;16.61;15.28;17.99;16.45;17.99;16.44;16.48;17.04;16.62;15.47;15.25;16.12;16.17;16.03;16.09;16.89;17.35;16.58;17.45;17.15
1989;7;15.58;17.24;15.25;16.47;15.55;15.07;15.45;16.76;15.75;16.81;16.77;16.97;17.45;16.27;17.13;15.54;17.51;16.67;17.49;16.12;15.35;15.24;16.05;16.98;16.31;15.48;17.54;17.27;16.06;16.77;16.82;17.67;16.67;15.31;17.7;16.38;17.7;16.4;16.42;16.91;16.59;15.38;15.4;16.07;16.18;16.06;16.06;16.93;17.21;16.57;17.26;17.13
1989;8;18.07;19.62;17.99;19.35;18.2;17.87;18.13;19.12;18.42;19.14;19.38;19.62;19.75;18.96;19.83;18.26;19.49;19.59;19.74;19;17.97;17.94;18.49;19.21;18.92;18.03;19.72;19.54;18.89;19.26;19.22;19.66;19.59;18.02;19.78;18.92;19.78;19.21;18.99;19.28;19.18;18.06;18.01;18.92;19.1;18.5;18.46;19.7;19.69;19.24;19.71;19.83
1989;9;21.07;21.78;20.92;22.11;21.29;20.76;21.18;21.69;21.36;21.51;21.72;22.01;22.03;21.64;22.12;21.21;21.83;22.28;21.93;21.81;20.96;20.88;21.18;21.5;21.49;21.08;21.92;21.69;21.63;21.48;21.35;22;22.28;21.01;22.05;21.27;22.05;21.91;21.39;21.44;21.61;21.13;21.09;21.86;21.99;21.37;21.22;22.18;21.91;21.79;21.94;22.12
1989;10;21.71;22.26;21.25;22.12;21.65;21.01;21.49;22.16;21.56;22.04;22.03;22.18;22.65;21.9;22.31;21.44;22.71;22.25;22.54;21.91;21.41;21.14;21.75;22.15;21.86;21.62;22.59;22.25;21.82;21.91;21.85;22.93;22.25;21.29;22.82;21.72;22.82;22.03;21.8;21.99;21.95;21.45;21.48;21.91;22.01;22;21.85;22.29;22.29;22.03;22.31;22.31
1989;11;21.77;22.17;21.29;21.96;21.66;21.08;21.52;22.22;21.57;22.13;21.94;21.98;22.41;21.84;22.11;21.47;22.66;22.04;22.4;21.8;21.48;21.23;21.83;22.24;21.85;21.68;22.48;22.22;21.74;21.88;21.88;22.78;22.04;21.35;22.64;21.73;22.64;21.88;21.78;21.97;21.88;21.47;21.54;21.8;21.86;22.03;21.94;22.09;22.13;21.93;22.12;22.11
1989;12;22.02;22.08;21.54;21.94;21.89;21.3;21.73;22.39;21.6;22.2;21.92;21.92;22.34;21.89;22.04;21.59;22.55;22.01;22.29;21.86;21.69;21.36;21.97;22.2;21.91;21.92;22.36;22.13;21.81;21.84;21.87;22.68;22.01;21.53;22.53;21.77;22.53;21.85;21.81;21.92;21.88;21.66;21.8;21.86;21.91;22.23;22.1;22.04;22.06;21.94;22.04;22.04
1990;1;21.95;22.02;21.43;21.8;21.79;21.16;21.6;22.35;21.42;22.18;21.82;21.82;22.27;21.8;21.93;21.42;22.52;21.88;22.23;21.74;21.6;21.2;21.89;22.19;21.8;21.84;22.3;22.08;21.72;21.77;21.81;22.64;21.88;21.39;22.48;21.67;22.48;21.72;21.71;21.87;21.79;21.52;21.7;21.69;21.77;22.17;22.01;21.93;21.97;21.83;21.96;21.93
1990;2;21.87;21.98;21.27;21.75;21.66;21.04;21.5;22.31;21.4;22.14;21.77;21.76;22.16;21.73;21.88;21.38;22.53;21.82;22.17;21.67;21.51;21.13;21.85;22.2;21.74;21.75;22.27;22.08;21.64;21.73;21.8;22.58;21.82;21.31;22.4;21.63;22.4;21.67;21.66;21.85;21.72;21.45;21.57;21.64;21.7;22.13;21.99;21.87;21.91;21.76;21.88;21.88
1990;3;21.59;22;20.91;21.65;21.36;20.73;21.22;21.97;21.32;21.93;21.75;21.75;22.3;21.61;21.89;21.23;22.53;21.73;22.23;21.54;21.31;20.96;21.67;22.07;21.65;21.49;22.3;22.04;21.51;21.73;21.73;22.66;21.73;21.1;22.49;21.56;22.49;21.58;21.61;21.82;21.68;21.26;21.27;21.52;21.58;21.82;21.77;21.83;21.96;21.7;21.95;21.89
1990;4;20.24;21.17;19.39;20.6;19.91;19.31;19.82;20.83;20.3;20.9;20.8;20.9;21.59;20.51;21.01;20.06;21.87;20.67;21.49;20.38;20.03;19.77;20.5;21.17;20.56;20.13;21.56;21.2;20.35;20.81;20.8;22.03;20.67;19.82;21.81;20.56;21.81;20.57;20.61;20.93;20.71;19.99;19.83;20.36;20.41;20.55;20.56;20.87;21.14;20.68;21.19;21.01
1990;5;17.94;19.33;17.08;18.45;17.55;16.95;17.47;18.9;18.04;19.03;18.84;19;19.83;18.34;19.1;17.77;20.19;18.55;19.71;18.17;17.7;17.42;18.38;19.35;18.47;17.78;19.78;19.37;18.13;18.9;18.94;20.32;18.55;17.48;20.09;18.58;20.09;18.44;18.6;19.07;18.69;17.66;17.48;18.15;18.2;18.38;18.43;18.85;19.31;18.61;19.4;19.1
1990;6;16.1;17.63;15.56;16.78;15.88;15.31;15.77;17.25;16.23;17.3;17.12;17.3;18.01;16.61;17.41;15.96;18.29;16.92;17.95;16.46;15.8;15.65;16.56;17.53;16.71;15.95;18.02;17.68;16.41;17.18;17.25;18.39;16.92;15.68;18.26;16.8;18.26;16.71;16.82;17.34;16.95;15.82;15.78;16.44;16.51;16.6;16.62;17.18;17.59;16.9;17.67;17.41
1990;7;16.19;17.93;15.81;17.23;16.08;15.65;15.99;17.32;16.57;17.41;17.47;17.68;18.15;16.92;17.82;16.25;18.09;17.4;18.12;16.84;15.97;15.95;16.69;17.62;16.99;16.06;18.17;17.96;16.74;17.51;17.56;18.28;17.4;15.95;18.29;17.08;18.29;17.15;17.13;17.63;17.29;16.07;15.94;16.83;16.93;16.68;16.71;17.63;17.9;17.26;17.94;17.82
1990;8;18.31;19.99;18.28;19.74;18.47;18.19;18.41;19.41;18.9;19.48;19.72;20.03;20.27;19.25;20.21;18.64;19.97;19.97;20.12;19.33;18.2;18.37;18.75;19.58;19.21;18.27;20.11;19.9;19.21;19.6;19.6;20.2;19.97;18.35;20.27;19.24;20.27;19.58;19.3;19.65;19.48;18.38;18.28;19.32;19.45;18.75;18.73;20.06;20.06;19.54;20.14;20.21
1990;9;20.93;21.87;20.84;22.11;21.11;20.65;21.01;21.53;21.39;21.44;21.76;22.11;22.25;21.59;22.21;21.14;21.91;22.27;22.06;21.72;20.78;20.84;21.11;21.49;21.47;20.91;22.04;21.75;21.55;21.52;21.38;22.2;22.27;20.88;22.21;21.28;22.21;21.96;21.4;21.49;21.63;20.98;20.91;21.78;21.88;21.23;21.12;22.21;22.02;21.78;22.09;22.21
1990;10;21.65;22.2;21.22;22.07;21.6;20.95;21.43;22.23;21.54;22.06;21.97;22.1;22.51;21.81;22.25;21.4;22.6;22.18;22.45;21.83;21.31;21.11;21.71;22.12;21.78;21.56;22.49;22.17;21.71;21.84;21.77;22.77;22.18;21.23;22.67;21.64;22.67;21.96;21.72;21.9;21.88;21.37;21.44;21.86;21.95;21.99;21.83;22.22;22.23;21.95;22.23;22.25
1990;11;22.17;22.35;21.64;22.18;22.01;21.36;21.83;22.53;21.78;22.36;22.15;22.2;22.62;22.09;22.33;21.71;22.83;22.27;22.58;22.05;21.77;21.47;22.13;22.41;22.09;22.05;22.65;22.38;21.99;22.05;22.05;22.97;22.27;21.62;22.83;21.93;22.83;22.09;22;22.14;22.1;21.74;21.89;22.04;22.11;22.41;22.26;22.32;22.34;22.16;22.33;22.33
1990;12;21.83;22.07;21.35;21.79;21.69;21.09;21.53;22.25;21.46;22.11;21.84;21.86;22.38;21.73;21.98;21.4;22.56;21.86;22.31;21.67;21.47;21.19;21.81;22.16;21.75;21.72;22.37;22.11;21.62;21.8;21.81;22.71;21.86;21.33;22.56;21.67;22.56;21.72;21.71;21.9;21.79;21.45;21.6;21.67;21.72;22.07;21.93;21.93;22.04;21.81;22.05;21.98
1991;1;21.86;21.95;21.4;21.75;21.73;21.13;21.56;22.22;21.42;22.06;21.74;21.75;22.21;21.72;21.85;21.41;22.44;21.81;22.17;21.68;21.53;21.18;21.8;22.09;21.72;21.77;22.25;22.01;21.63;21.69;21.73;22.59;21.81;21.36;22.44;21.59;22.44;21.67;21.62;21.8;21.69;21.5;21.65;21.67;21.73;22.07;21.93;21.84;21.9;21.74;21.9;21.85
1991;2;21.82;22.03;21.3;21.79;21.65;21.08;21.5;22.19;21.45;22.06;21.83;21.83;22.27;21.76;21.95;21.41;22.54;21.86;22.25;21.71;21.51;21.18;21.82;22.15;21.78;21.72;22.32;22.07;21.67;21.78;21.77;22.65;21.86;21.34;22.49;21.66;22.49;21.71;21.71;21.85;21.8;21.47;21.56;21.69;21.74;22.05;21.94;21.93;22;21.83;21.98;21.95
1991;3;21.52;22.01;20.85;21.63;21.29;20.69;21.15;22;21.35;21.96;21.75;21.78;22.3;21.54;21.9;21.19;22.57;21.69;22.25;21.45;21.2;20.96;21.63;22.13;21.61;21.4;22.33;22.07;21.4;21.73;21.73;22.68;21.69;21.05;22.5;21.55;22.5;21.59;21.6;21.82;21.68;21.17;21.2;21.45;21.5;21.8;21.74;21.81;21.98;21.68;21.98;21.9
1991;4;20.45;21.28;19.65;20.68;20.13;19.5;20.02;21.01;20.38;21.09;20.91;20.94;21.61;20.61;21.09;20.18;21.96;20.76;21.56;20.48;20.17;19.9;20.67;21.36;20.69;20.32;21.64;21.32;20.46;20.94;20.96;22.07;20.76;19.97;21.86;20.71;21.86;20.64;20.74;21.07;20.82;20.12;20.05;20.46;20.51;20.74;20.75;20.95;21.23;20.77;21.23;21.09
1991;5;17.85;19.1;17.09;18.24;17.53;16.94;17.43;18.76;17.88;18.88;18.61;18.71;19.56;18.17;18.83;17.63;19.95;18.34;19.45;18;17.6;17.36;18.25;19.19;18.3;17.71;19.54;19.17;17.97;18.67;18.75;20.04;18.34;17.39;19.82;18.4;19.82;18.21;18.4;18.86;18.48;17.53;17.46;17.96;18.03;18.27;18.32;18.62;19.04;18.41;19.1;18.83
1991;6;15.79;17.34;15.18;16.46;15.53;14.96;15.43;16.91;15.94;17.04;16.81;16.95;17.69;16.31;17.08;15.66;18.05;16.59;17.62;16.12;15.48;15.34;16.26;17.34;16.4;15.63;17.73;17.43;16.07;16.88;17;18.07;16.59;15.37;17.9;16.52;17.9;16.39;16.52;17.08;16.64;15.48;15.44;16.11;16.17;16.27;16.31;16.86;17.27;16.59;17.32;17.08
1991;7;15.32;16.98;15.05;16.34;15.31;14.89;15.21;16.4;15.67;16.47;16.54;16.77;17.27;16.02;16.94;15.4;17.16;16.53;17.16;15.95;15.07;15.13;15.73;16.65;16.03;15.22;17.19;16.97;15.85;16.55;16.59;17.32;16.53;15.13;17.32;16.13;17.32;16.25;16.16;16.67;16.33;15.15;15.15;15.95;16.06;15.77;15.74;16.73;16.97;16.32;17.03;16.94
1991;8;18.07;19.68;18.06;19.51;18.28;18;18.23;19.03;18.7;19.1;19.41;19.81;20.07;18.99;20;18.44;19.6;19.73;19.84;19.06;17.98;18.13;18.39;19.22;18.85;18.05;19.8;19.56;18.94;19.24;19.25;19.91;19.73;18.17;19.99;18.88;19.99;19.38;18.94;19.31;19.14;18.15;18.07;19.07;19.18;18.45;18.33;19.8;19.8;19.22;19.91;20
1991;9;20.78;21.86;20.6;21.93;20.93;20.4;20.82;21.31;21.26;21.25;21.62;22;22.31;21.42;22.09;20.95;21.95;22.07;22.14;21.52;20.62;20.62;20.91;21.39;21.28;20.75;22.11;21.71;21.36;21.4;21.26;22.3;22.07;20.66;22.34;21.1;22.34;21.77;21.22;21.42;21.47;20.8;20.74;21.6;21.68;21.06;20.92;22.04;22;21.62;22.1;22.09
1991;10;21.21;21.76;20.78;21.69;21.16;20.52;20.98;21.78;21.17;21.61;21.53;21.71;22.09;21.41;21.84;20.97;22.17;21.81;22.01;21.43;20.88;20.69;21.26;21.69;21.36;21.11;22.06;21.76;21.32;21.38;21.35;22.34;21.81;20.78;22.25;21.2;22.25;21.6;21.28;21.47;21.44;20.93;20.99;21.45;21.54;21.56;21.38;21.83;21.79;21.54;21.81;21.84
1991;11;21.49;21.76;20.98;21.61;21.36;20.74;21.19;21.89;21.21;21.74;21.56;21.64;22.06;21.49;21.76;21.12;22.24;21.69;22;21.45;21.16;20.86;21.5;21.79;21.48;21.39;22.04;21.76;21.39;21.46;21.44;22.37;21.69;21.01;22.25;21.32;22.25;21.53;21.38;21.53;21.49;21.14;21.23;21.46;21.52;21.73;21.62;21.74;21.77;21.56;21.77;21.76
1991;12;21.47;21.64;21.05;21.48;21.37;20.81;21.22;21.83;21.16;21.69;21.46;21.48;21.86;21.41;21.59;21.13;22.07;21.54;21.83;21.37;21.18;20.91;21.44;21.74;21.41;21.4;21.9;21.68;21.32;21.41;21.41;22.19;21.54;21.06;22.05;21.3;22.05;21.4;21.35;21.47;21.43;21.17;21.29;21.39;21.43;21.67;21.54;21.58;21.61;21.48;21.6;21.59
1992;1;21.46;21.59;20.96;21.36;21.3;20.72;21.13;21.83;20.99;21.67;21.39;21.41;21.84;21.33;21.52;20.99;22.05;21.44;21.81;21.28;21.12;20.77;21.42;21.72;21.34;21.36;21.87;21.63;21.24;21.34;21.36;22.16;21.44;20.94;22.04;21.23;22.04;21.3;21.27;21.42;21.35;21.07;21.22;21.25;21.32;21.68;21.55;21.49;21.57;21.38;21.56;21.52
1992;2;21.4;21.54;20.79;21.33;21.19;20.59;21.03;21.77;21.01;21.61;21.33;21.38;21.83;21.27;21.47;20.97;22.06;21.4;21.75;21.23;21.04;20.73;21.36;21.69;21.28;21.28;21.82;21.6;21.18;21.27;21.31;22.13;21.4;20.88;21.99;21.17;21.99;21.27;21.2;21.38;21.28;21.01;21.11;21.23;21.27;21.63;21.49;21.44;21.51;21.33;21.52;21.47
1992;3;21.35;21.7;20.72;21.38;21.13;20.51;20.98;21.71;21.04;21.63;21.46;21.46;22;21.33;21.59;20.95;22.24;21.45;21.93;21.25;21.02;20.7;21.4;21.77;21.37;21.23;22;21.73;21.21;21.43;21.42;22.37;21.45;20.84;22.2;21.27;22.2;21.32;21.33;21.51;21.41;20.97;21.04;21.23;21.29;21.58;21.5;21.55;21.66;21.43;21.65;21.59
1992;4;19.71;20.56;18.89;19.91;19.36;18.73;19.24;20.34;19.61;20.36;20.18;20.23;20.96;19.87;20.36;19.39;21.21;20;20.87;19.7;19.39;19.13;19.95;20.59;19.96;19.56;20.94;20.59;19.69;20.21;20.21;21.39;20;19.18;21.19;19.96;21.19;19.88;20.01;20.33;20.1;19.32;19.29;19.66;19.72;20.05;20.04;20.21;20.52;20.05;20.55;20.36
1992;5;17.17;18.5;16.29;17.7;16.81;16.17;16.73;18.01;17.34;18.17;18.01;18.19;19.08;17.59;18.26;17.03;19.37;17.79;18.89;17.43;16.98;16.67;17.58;18.55;17.69;17.05;18.96;18.57;17.4;18.05;18.13;19.52;17.79;16.73;19.28;17.77;19.28;17.67;17.78;18.25;17.87;16.92;16.74;17.4;17.46;17.55;17.61;18.05;18.47;17.82;18.59;18.26
1992;6;15.15;16.88;14.56;15.97;14.92;14.37;14.83;16.24;15.49;16.42;16.32;16.53;17.32;15.75;16.63;15.13;17.59;16.09;17.21;15.57;14.9;14.81;15.66;16.78;15.86;15.01;17.3;16.95;15.51;16.37;16.48;17.72;16.09;14.8;17.54;16;17.54;15.91;16.01;16.59;16.14;14.91;14.81;15.59;15.64;15.61;15.67;16.38;16.83;16.08;16.93;16.63
1992;7;15.78;17.32;15.52;16.74;15.77;15.3;15.65;16.77;15.98;16.8;16.88;17.14;17.56;16.46;17.28;15.77;17.47;16.94;17.53;16.4;15.54;15.47;16.16;16.98;16.45;15.68;17.58;17.33;16.3;16.84;16.89;17.69;16.94;15.53;17.71;16.46;17.71;16.64;16.51;16.97;16.71;15.6;15.61;16.37;16.49;16.19;16.16;17.11;17.31;16.73;17.38;17.28
1992;8;18.08;19.53;17.99;19.37;18.21;17.89;18.13;19.03;18.49;19.07;19.27;19.56;19.68;18.9;19.77;18.27;19.48;19.58;19.67;18.95;17.92;17.97;18.42;19.18;18.81;18.02;19.68;19.45;18.84;19.13;19.1;19.72;19.58;18.02;19.78;18.78;19.78;19.22;18.86;19.17;19.08;18.04;18.01;18.94;19.07;18.49;18.4;19.65;19.6;19.16;19.61;19.77
1992;9;20.78;21.44;20.62;21.56;20.95;20.36;20.75;21.27;20.59;21.18;21.29;21.47;21.61;21.23;21.7;20.56;21.62;21.78;21.63;21.29;20.47;20.19;20.84;21.26;21.09;20.72;21.7;21.4;21.17;21.06;20.99;21.85;21.78;20.44;21.79;20.88;21.79;21.38;20.97;21.11;21.2;20.52;20.7;21.24;21.41;21.08;20.89;21.77;21.47;21.36;21.44;21.7
1992;10;21.48;21.78;21.05;21.67;21.43;20.74;21.21;21.92;21.08;21.75;21.59;21.62;21.96;21.51;21.81;21.03;22.23;21.8;21.96;21.51;21.09;20.74;21.48;21.83;21.49;21.38;22.05;21.82;21.42;21.48;21.48;22.31;21.8;20.94;22.16;21.34;22.16;21.56;21.4;21.56;21.52;21.08;21.26;21.5;21.61;21.76;21.61;21.83;21.75;21.61;21.69;21.81
1992;11;21.27;21.58;20.75;21.34;21.14;20.51;20.97;21.7;20.96;21.58;21.35;21.4;21.91;21.25;21.51;20.88;22.13;21.42;21.83;21.2;20.93;20.64;21.3;21.7;21.26;21.17;21.9;21.64;21.14;21.28;21.31;22.24;21.42;20.78;22.08;21.15;22.08;21.26;21.19;21.39;21.28;20.9;21.01;21.2;21.26;21.53;21.42;21.48;21.56;21.34;21.57;21.51
1992;12;21.41;21.53;20.9;21.36;21.27;20.67;21.12;21.81;21.02;21.65;21.35;21.35;21.76;21.32;21.46;21.01;21.97;21.43;21.73;21.29;21.11;20.77;21.41;21.67;21.33;21.32;21.8;21.59;21.24;21.3;21.32;22.09;21.43;20.94;21.95;21.2;21.95;21.27;21.24;21.38;21.32;21.08;21.17;21.28;21.34;21.65;21.53;21.46;21.48;21.36;21.47;21.46
1993;1;21.35;21.37;20.83;21.16;21.19;20.56;21;21.75;20.82;21.55;21.19;21.17;21.61;21.16;21.27;20.81;21.87;21.23;21.56;21.09;20.95;20.61;21.3;21.54;21.19;21.23;21.65;21.44;21.06;21.15;21.19;21.97;21.23;20.77;21.81;21.07;21.81;21.09;21.1;21.24;21.17;20.88;21.1;21.06;21.12;21.59;21.44;21.28;21.31;21.21;21.31;21.27
1993;2;21.31;21.54;20.75;21.26;21.13;20.53;20.96;21.72;20.95;21.61;21.31;21.32;21.75;21.19;21.44;20.88;22.08;21.32;21.75;21.14;20.95;20.67;21.31;21.72;21.23;21.19;21.84;21.61;21.09;21.28;21.31;22.16;21.32;20.8;21.98;21.15;21.98;21.2;21.18;21.38;21.26;20.91;21.04;21.14;21.19;21.56;21.43;21.4;21.5;21.28;21.48;21.44
1993;3;21.25;21.52;20.55;21.17;21.02;20.36;20.85;21.61;20.87;21.51;21.27;21.26;21.8;21.16;21.38;20.81;22.08;21.24;21.75;21.08;20.9;20.57;21.25;21.64;21.19;21.13;21.84;21.58;21.05;21.26;21.27;22.18;21.24;20.71;22.01;21.12;22.01;21.1;21.16;21.36;21.23;20.83;20.93;21.05;21.11;21.47;21.36;21.34;21.46;21.24;21.46;21.38
1993;4;19.96;20.75;19.16;20.22;19.66;19.04;19.54;20.5;19.91;20.54;20.41;20.48;21.13;20.14;20.59;19.7;21.45;20.3;21.04;20.02;19.7;19.42;20.15;20.81;20.2;19.84;21.12;20.8;20;20.41;20.42;21.58;20.3;19.5;21.35;20.18;21.35;20.18;20.22;20.54;20.31;19.64;19.57;20;20.05;20.24;20.22;20.46;20.71;20.29;20.74;20.59
1993;5;17.01;18.49;16.27;17.58;16.72;16.2;16.66;17.9;17.24;18.09;17.95;18.09;19.04;17.47;18.18;16.96;19.37;17.68;18.88;17.31;16.85;16.67;17.45;18.48;17.58;16.9;18.96;18.55;17.28;18.03;18.1;19.53;17.68;16.69;19.28;17.7;19.28;17.53;17.71;18.23;17.79;16.83;16.64;17.3;17.34;17.4;17.48;17.95;18.43;17.72;18.53;18.18
1993;6;14.76;16.47;14.04;15.53;14.45;13.95;14.38;15.86;15.05;16.05;15.9;16.08;16.94;15.36;16.19;14.72;17.25;15.64;16.83;15.16;14.54;14.38;15.28;16.4;15.47;14.61;16.89;16.53;15.12;15.98;16.08;17.36;15.64;14.39;17.19;15.6;17.19;15.45;15.61;16.17;15.73;14.52;14.36;15.16;15.21;15.21;15.29;15.94;16.42;15.66;16.51;16.19
1993;7;15.14;16.85;14.7;16.07;15.01;14.6;14.92;16.31;15.39;16.41;16.36;16.52;17.13;15.85;16.68;15.14;17.16;16.25;17.09;15.71;14.91;14.83;15.64;16.62;15.91;15.01;17.13;16.9;15.64;16.42;16.5;17.34;16.25;14.86;17.33;16.02;17.33;15.99;16.04;16.56;16.19;14.92;14.87;15.67;15.77;15.63;15.64;16.5;16.79;16.15;16.83;16.68
1993;8;17.21;18.96;17.16;18.64;17.33;17.07;17.27;18.2;17.81;18.37;18.66;18.99;19.21;18.19;19.16;17.52;18.88;18.86;19.1;18.21;17.12;17.26;17.65;18.55;18.14;17.16;19.1;18.89;18.1;18.57;18.58;19.16;18.86;17.22;19.23;18.2;19.23;18.54;18.25;18.63;18.44;17.24;17.15;18.17;18.32;17.61;17.58;18.98;19.03;18.49;19.11;19.16
1993;9;20.68;21.47;20.42;21.57;20.77;20.23;20.63;21.33;20.75;21.18;21.34;21.51;21.61;21.23;21.69;20.63;21.58;21.76;21.62;21.31;20.48;20.27;20.86;21.21;21.13;20.63;21.65;21.41;21.19;21.16;21.05;21.75;21.76;20.43;21.74;20.94;21.74;21.42;21.04;21.16;21.24;20.57;20.56;21.29;21.43;21.03;20.91;21.72;21.53;21.37;21.5;21.69
1993;10;21.1;21.67;20.63;21.55;21.01;20.4;20.86;21.58;21.01;21.48;21.43;21.57;21.92;21.33;21.71;20.85;22.08;21.67;21.9;21.32;20.81;20.56;21.15;21.63;21.26;21.01;21.96;21.67;21.23;21.3;21.26;22.25;21.67;20.68;22.13;21.1;22.13;21.46;21.19;21.38;21.35;20.82;20.85;21.3;21.4;21.39;21.24;21.7;21.68;21.45;21.67;21.71
1993;11;21.55;21.86;21.06;21.67;21.45;20.84;21.29;21.95;21.28;21.83;21.65;21.69;22.1;21.58;21.81;21.21;22.35;21.75;22.09;21.54;21.25;20.95;21.58;21.94;21.58;21.46;22.17;21.9;21.48;21.57;21.58;22.48;21.75;21.11;22.34;21.45;22.34;21.58;21.5;21.66;21.61;21.23;21.32;21.53;21.6;21.78;21.68;21.81;21.83;21.66;21.82;21.81
1993;12;21.51;21.67;20.97;21.49;21.35;20.75;21.19;21.87;21.14;21.74;21.48;21.49;21.86;21.43;21.61;21.1;22.15;21.56;21.88;21.39;21.18;20.86;21.49;21.81;21.44;21.4;21.96;21.72;21.34;21.42;21.44;22.27;21.56;21.02;22.11;21.32;22.11;21.39;21.36;21.5;21.44;21.15;21.25;21.38;21.44;21.73;21.6;21.6;21.64;21.49;21.61;21.61
1994;1;21.4;21.47;20.89;21.28;21.25;20.65;21.08;21.83;20.97;21.65;21.29;21.28;21.62;21.24;21.39;20.95;21.93;21.35;21.64;21.21;21.05;20.73;21.36;21.68;21.26;21.3;21.74;21.56;21.16;21.24;21.3;22.02;21.35;20.89;21.86;21.15;21.86;21.21;21.18;21.34;21.24;21;21.16;21.2;21.25;21.65;21.5;21.38;21.42;21.29;21.39;21.39
1994;2;21.35;21.53;20.8;21.3;21.18;20.57;21.03;21.66;21.01;21.56;21.31;21.34;21.78;21.24;21.45;20.96;22.09;21.36;21.76;21.2;21.02;20.72;21.29;21.66;21.25;21.25;21.83;21.58;21.15;21.25;21.27;22.18;21.36;20.87;22.01;21.13;22.01;21.24;21.18;21.35;21.26;20.99;21.11;21.2;21.25;21.54;21.4;21.42;21.5;21.29;21.49;21.45
1994;3;21.17;21.47;20.5;21.11;20.91;20.29;20.75;21.53;20.78;21.45;21.22;21.21;21.74;21.1;21.35;20.71;22.03;21.19;21.71;21.01;20.8;20.47;21.21;21.6;21.14;21.03;21.79;21.53;20.98;21.19;21.2;22.16;21.19;20.6;21.98;21.05;21.98;21.04;21.09;21.3;21.17;20.72;20.82;20.96;21.03;21.42;21.33;21.29;21.42;21.18;21.41;21.35
1994;4;19.59;20.47;18.73;19.8;19.28;18.6;19.15;20.18;19.41;20.25;20.09;20.1;20.8;19.78;20.26;19.26;21.18;19.89;20.75;19.63;19.31;18.95;19.82;20.55;19.86;19.46;20.84;20.53;19.61;20.12;20.14;21.28;19.89;19.08;21.07;19.86;21.07;19.75;19.91;20.25;19.99;19.24;19.19;19.58;19.64;19.88;19.89;20.12;20.39;19.95;20.4;20.26
1994;5;17.16;18.54;16.45;17.73;16.87;16.32;16.79;17.98;17.34;18.17;18.05;18.22;19.06;17.6;18.3;17.06;19.38;17.83;18.92;17.46;16.98;16.77;17.55;18.53;17.69;17.05;18.99;18.57;17.41;18.09;18.14;19.55;17.83;16.78;19.31;17.78;19.31;17.72;17.8;18.26;17.9;16.95;16.81;17.43;17.5;17.52;17.58;18.08;18.52;17.84;18.61;18.3
1994;6;14.87;16.66;14.32;15.75;14.66;14.19;14.6;16;15.25;16.18;16.12;16.33;17.15;15.53;16.43;14.93;17.36;15.88;17.01;15.39;14.7;14.65;15.38;16.52;15.62;14.76;17.05;16.69;15.33;16.19;16.25;17.5;15.88;14.61;17.35;15.79;17.35;15.7;15.81;16.36;15.94;14.73;14.57;15.39;15.46;15.34;15.37;16.17;16.64;15.86;16.75;16.43
1994;7;15.38;17.27;15.07;16.57;15.36;14.97;15.31;16.49;15.93;16.62;16.77;17.06;17.52;16.21;17.19;15.62;17.4;16.75;17.5;16.14;15.24;15.34;15.84;16.88;16.2;15.3;17.51;17.24;16.04;16.78;16.81;17.65;16.75;15.3;17.69;16.32;17.69;16.51;16.37;16.91;16.55;15.36;15.21;16.15;16.24;15.85;15.82;16.98;17.27;16.53;17.33;17.19
1994;8;17.43;19.05;17.41;18.9;17.58;17.35;17.54;18.52;18.04;18.6;18.84;19.12;19.2;18.42;19.3;17.77;18.98;19.11;19.16;18.44;17.35;17.46;17.92;18.72;18.38;17.39;19.18;19.01;18.32;18.7;18.72;19.2;19.11;17.48;19.26;18.4;19.26;18.8;18.46;18.76;18.64;17.49;17.39;18.43;18.56;17.88;17.88;19.21;19.09;18.72;19.14;19.3
1994;9;20.58;21.37;20.38;21.49;20.72;20.16;20.59;21.14;20.74;21.01;21.21;21.43;21.55;21.1;21.59;20.59;21.49;21.67;21.56;21.17;20.33;20.24;20.68;21.09;20.96;20.54;21.58;21.29;21.04;21.02;20.93;21.69;21.67;20.39;21.69;20.79;21.69;21.35;20.89;21.03;21.1;20.49;20.52;21.2;21.3;20.89;20.71;21.63;21.43;21.24;21.41;21.59
1994;10;21.27;21.78;20.81;21.71;21.21;20.61;21.06;21.78;21.24;21.65;21.59;21.71;22.09;21.46;21.85;21.07;22.21;21.82;22;21.48;21;20.82;21.33;21.76;21.43;21.19;22.06;21.78;21.38;21.46;21.42;22.35;21.82;20.9;22.23;21.29;22.23;21.63;21.37;21.52;21.52;21.04;21.06;21.5;21.59;21.58;21.43;21.85;21.79;21.61;21.79;21.85
1994;11;21.4;21.67;20.93;21.47;21.29;20.71;21.13;21.76;21.08;21.63;21.46;21.48;21.88;21.4;21.61;21.05;22.07;21.56;21.87;21.36;21.1;20.82;21.41;21.71;21.4;21.31;21.95;21.71;21.31;21.4;21.41;22.22;21.56;20.96;22.09;21.27;22.09;21.39;21.32;21.49;21.42;21.08;21.17;21.34;21.41;21.62;21.52;21.61;21.62;21.48;21.6;21.61
1994;12;21.56;21.69;21.1;21.5;21.43;20.85;21.28;21.95;21.19;21.8;21.5;21.51;21.92;21.44;21.61;21.17;22.12;21.56;21.89;21.41;21.24;20.95;21.53;21.82;21.47;21.47;21.97;21.75;21.36;21.46;21.49;22.28;21.56;21.1;22.14;21.36;22.14;21.43;21.39;21.55;21.46;21.22;21.35;21.42;21.46;21.78;21.66;21.59;21.65;21.5;21.64;21.61
1995;1;21.41;21.47;20.97;21.31;21.31;20.74;21.15;21.78;21;21.59;21.3;21.32;21.72;21.29;21.41;21;21.92;21.38;21.69;21.25;21.11;20.79;21.36;21.6;21.29;21.34;21.75;21.51;21.22;21.24;21.25;22.05;21.38;20.96;21.92;21.16;21.92;21.24;21.2;21.32;21.28;21.07;21.22;21.23;21.28;21.61;21.48;21.42;21.44;21.32;21.44;21.41
1995;2;21.24;21.43;20.73;21.13;21.08;20.47;20.91;21.66;20.84;21.53;21.19;21.18;21.65;21.09;21.3;20.79;21.98;21.19;21.63;21.04;20.89;20.58;21.21;21.62;21.12;21.13;21.73;21.52;21;21.18;21.22;22.06;21.19;20.73;21.88;21.05;21.88;21.06;21.07;21.29;21.14;20.84;21;21.03;21.08;21.48;21.34;21.26;21.36;21.15;21.35;21.3
1995;3;21.18;21.57;20.58;21.27;20.97;20.39;20.82;21.52;20.97;21.47;21.33;21.37;21.87;21.21;21.48;20.84;22.11;21.34;21.81;21.12;20.89;20.62;21.23;21.64;21.23;21.08;21.88;21.61;21.09;21.3;21.3;22.26;21.34;20.71;22.08;21.15;22.08;21.23;21.2;21.39;21.28;20.84;20.89;21.1;21.16;21.38;21.32;21.43;21.54;21.3;21.55;21.48
1995;4;19.99;20.75;19.24;20.21;19.7;19.11;19.59;20.53;19.92;20.57;20.41;20.47;21.13;20.14;20.58;19.74;21.4;20.28;21.04;20.04;19.75;19.47;20.2;20.81;20.21;19.88;21.1;20.8;20.01;20.43;20.45;21.53;20.28;19.55;21.34;20.21;21.34;20.18;20.24;20.55;20.31;19.69;19.62;20.01;20.07;20.29;20.29;20.44;20.72;20.28;20.75;20.58
1995;5;16.7;18.14;15.84;17.22;16.34;15.74;16.26;17.63;16.85;17.78;17.61;17.78;18.69;17.12;17.86;16.55;18.99;17.32;18.52;16.96;16.51;16.23;17.12;18.16;17.23;16.57;18.58;18.19;16.92;17.68;17.76;19.1;17.32;16.26;18.89;17.36;18.89;17.19;17.38;17.87;17.46;16.44;16.27;16.92;16.99;17.11;17.16;17.61;18.1;17.38;18.22;17.86
1995;6;15.06;16.64;14.48;15.8;14.83;14.29;14.74;16.23;15.25;16.34;16.14;16.31;17.02;15.65;16.43;14.97;17.41;15.93;16.95;15.45;14.82;14.64;15.59;16.65;15.76;14.93;17.05;16.73;15.39;16.17;16.28;17.46;15.93;14.68;17.27;15.84;17.27;15.71;15.85;16.36;16;14.82;14.74;15.45;15.51;15.55;15.62;16.21;16.59;15.95;16.68;16.43
1995;7;15.19;16.99;14.88;16.31;15.11;14.74;15.05;16.3;15.61;16.42;16.54;16.76;17.3;16.04;16.96;15.34;17.28;16.5;17.24;15.92;15.04;15.04;15.7;16.68;16.05;15.1;17.28;16.98;15.83;16.51;16.53;17.5;16.5;15.03;17.49;16.1;17.49;16.21;16.16;16.62;16.38;15.11;14.99;15.91;16.01;15.66;15.68;16.78;16.98;16.35;17.03;16.96
1995;8;17.64;19.27;17.57;19.11;17.76;17.52;17.73;18.59;18.21;18.72;19.03;19.33;19.5;18.63;19.57;17.97;19.22;19.34;19.42;18.68;17.57;17.65;18.06;18.89;18.53;17.59;19.39;19.17;18.57;18.86;18.86;19.47;19.34;17.68;19.54;18.53;19.54;18.98;18.59;18.92;18.79;17.69;17.56;18.64;18.78;18.07;18.01;19.44;19.34;18.88;19.39;19.57
1995;9;20.67;21.58;20.38;21.66;20.7;20.2;20.62;21.29;20.89;21.23;21.4;21.68;21.86;21.28;21.79;20.72;21.66;21.84;21.74;21.33;20.51;20.34;20.82;21.33;21.11;20.61;21.74;21.51;21.23;21.23;21.18;21.88;21.84;20.49;21.87;20.99;21.87;21.57;21.07;21.26;21.28;20.63;20.54;21.33;21.44;20.99;20.82;21.81;21.64;21.42;21.68;21.79
1995;10;21.42;21.89;21.06;21.81;21.44;20.83;21.29;21.86;21.29;21.7;21.68;21.82;22.19;21.59;21.96;21.2;22.27;21.93;22.11;21.62;21.16;20.93;21.45;21.77;21.53;21.36;22.14;21.85;21.52;21.55;21.48;22.42;21.93;21.07;22.32;21.37;22.32;21.72;21.45;21.6;21.61;21.2;21.28;21.62;21.71;21.71;21.54;21.94;21.92;21.69;21.92;21.96
1995;11;21.49;21.81;20.95;21.61;21.38;20.71;21.21;21.85;21.19;21.75;21.59;21.65;22.08;21.5;21.78;21.1;22.3;21.7;22.03;21.47;21.19;20.83;21.48;21.86;21.5;21.4;22.11;21.85;21.41;21.5;21.5;22.43;21.7;21;22.28;21.36;22.28;21.54;21.42;21.6;21.54;21.15;21.25;21.45;21.53;21.71;21.58;21.76;21.79;21.59;21.78;21.78
1995;12;21.65;21.75;21.17;21.58;21.51;20.91;21.35;22.07;21.24;21.87;21.57;21.57;22.03;21.55;21.68;21.22;22.23;21.65;21.97;21.51;21.33;20.99;21.63;21.89;21.56;21.55;22.04;21.81;21.46;21.5;21.53;22.38;21.65;21.16;22.23;21.42;22.23;21.49;21.46;21.59;21.54;21.29;21.42;21.5;21.56;21.89;21.76;21.68;21.71;21.59;21.71;21.68
1996;1;21.62;21.73;21.18;21.57;21.5;20.92;21.35;22;21.29;21.83;21.53;21.58;22;21.49;21.66;21.24;22.21;21.62;21.94;21.47;21.31;21.01;21.56;21.85;21.49;21.53;22.01;21.79;21.42;21.48;21.51;22.33;21.62;21.16;22.19;21.37;22.19;21.49;21.4;21.57;21.48;21.29;21.42;21.49;21.53;21.82;21.69;21.64;21.69;21.53;21.71;21.66
1996;2;21.77;21.86;21.26;21.66;21.62;21;21.45;22.1;21.32;21.98;21.69;21.66;22.03;21.66;21.8;21.31;22.35;21.74;22.01;21.6;21.43;21.07;21.73;22.05;21.66;21.67;22.1;21.94;21.57;21.65;21.68;22.37;21.74;21.25;22.22;21.55;22.22;21.57;21.59;21.73;21.67;21.38;21.53;21.58;21.64;21.98;21.85;21.8;21.8;21.7;21.76;21.8
1996;3;21.41;21.73;20.74;21.43;21.17;20.56;21.02;21.78;21.1;21.71;21.49;21.49;21.97;21.38;21.63;21.02;22.29;21.5;21.94;21.31;21.08;20.76;21.45;21.85;21.41;21.29;22.02;21.78;21.27;21.46;21.48;22.37;21.5;20.9;22.19;21.32;22.19;21.37;21.36;21.55;21.45;21.02;21.08;21.29;21.34;21.65;21.57;21.59;21.67;21.46;21.65;21.63
1996;4;20.26;21.07;19.42;20.44;19.93;19.3;19.82;20.83;20.14;20.88;20.68;20.73;21.38;20.4;20.86;19.96;21.76;20.53;21.35;20.26;19.97;19.67;20.47;21.16;20.47;20.12;21.45;21.14;20.25;20.72;20.75;21.87;20.53;19.77;21.65;20.47;21.65;20.41;20.51;20.86;20.59;19.91;19.85;20.23;20.29;20.57;20.56;20.72;21;20.55;21.01;20.86
1996;5;17.88;19.22;17.13;18.36;17.56;17;17.47;18.8;18;18.95;18.72;18.84;19.68;18.27;18.94;17.72;20.07;18.46;19.57;18.09;17.65;17.43;18.3;19.29;18.39;17.74;19.67;19.3;18.06;18.78;18.87;20.16;18.46;17.45;19.92;18.49;19.92;18.32;18.5;18.98;18.59;17.6;17.48;18.07;18.12;18.28;18.35;18.73;19.15;18.52;19.23;18.94
1996;6;16.04;17.72;15.41;16.82;15.81;15.22;15.71;17.08;16.32;17.21;17.18;17.36;18.09;16.62;17.5;15.96;18.23;16.94;18.07;16.4;15.74;15.64;16.52;17.49;16.71;15.89;18.11;17.71;16.33;17.23;17.22;18.45;16.94;15.65;18.35;16.81;18.35;16.77;16.86;17.36;17.02;15.77;15.68;16.43;16.48;16.49;16.54;17.25;17.7;16.95;17.76;17.5
1996;7;16.27;17.75;15.97;17.2;16.26;15.79;16.15;17.29;16.37;17.35;17.37;17.54;17.93;16.98;17.73;16.22;17.94;17.41;17.96;16.87;16.04;15.89;16.69;17.51;16.98;16.18;17.99;17.76;16.79;17.32;17.36;18.09;17.41;16;18.14;16.98;18.14;17.1;17.04;17.42;17.22;16.07;16.09;16.82;16.96;16.7;16.7;17.62;17.72;17.24;17.75;17.73
1996;8;18.81;20.34;18.73;20.22;18.96;18.63;18.91;19.77;19.32;19.79;20.14;20.42;20.49;19.74;20.64;19.1;20.23;20.44;20.45;19.78;18.72;18.78;19.22;19.91;19.67;18.78;20.45;20.24;19.66;19.97;19.9;20.45;20.44;18.82;20.52;19.64;20.52;20.13;19.73;19.98;19.94;18.87;18.76;19.77;19.91;19.24;19.2;20.53;20.42;20.02;20.44;20.64
1996;9;20.98;21.86;20.77;22.01;21.08;20.59;21;21.61;21.28;21.52;21.74;22.02;22.19;21.61;22.15;21.09;21.97;22.18;22.06;21.68;20.85;20.76;21.16;21.58;21.48;20.95;22.05;21.77;21.55;21.52;21.42;22.19;22.18;20.86;22.21;21.32;22.21;21.88;21.42;21.51;21.64;20.99;20.91;21.7;21.81;21.28;21.18;22.16;21.98;21.77;22.03;22.15
1996;10;21.68;22.2;21.26;22.08;21.63;21.01;21.48;22.19;21.56;22.09;22;22.06;22.43;21.9;22.23;21.43;22.63;22.2;22.41;21.89;21.42;21.13;21.78;22.2;21.87;21.6;22.48;22.22;21.8;21.89;21.87;22.76;22.2;21.28;22.63;21.73;22.63;21.99;21.81;21.97;21.94;21.44;21.48;21.88;21.97;21.99;21.88;22.24;22.18;22.02;22.15;22.23
1996;11;22;22.16;21.53;22;21.89;21.26;21.72;22.41;21.59;22.25;21.97;21.97;22.38;21.93;22.12;21.57;22.65;22.09;22.37;21.9;21.65;21.31;21.98;22.32;21.93;21.9;22.46;22.23;21.84;21.89;21.92;22.75;22.09;21.5;22.61;21.79;22.61;21.9;21.83;21.99;21.93;21.62;21.77;21.89;21.96;22.24;22.1;22.14;22.11;21.99;22.09;22.12
1996;12;21.99;22.13;21.52;21.99;21.86;21.3;21.72;22.35;21.64;22.22;21.96;21.97;22.34;21.93;22.09;21.63;22.58;22.06;22.32;21.9;21.7;21.39;21.97;22.27;21.94;21.9;22.4;22.19;21.85;21.89;21.93;22.71;22.06;21.56;22.56;21.81;22.56;21.91;21.85;21.98;21.93;21.68;21.78;21.89;21.95;22.19;22.07;22.09;22.09;21.99;22.07;22.09
1997;1;21.95;22;21.5;21.83;21.82;21.24;21.66;22.29;21.48;22.13;21.82;21.81;22.15;21.8;21.93;21.5;22.45;21.9;22.17;21.77;21.63;21.26;21.89;22.15;21.81;21.86;22.26;22.06;21.73;21.77;21.82;22.51;21.9;21.46;22.37;21.69;22.37;21.76;21.72;21.86;21.79;21.59;21.74;21.76;21.82;22.15;22.02;21.93;21.95;21.83;21.92;21.93
1997;2;22.02;22.15;21.45;21.91;21.82;21.2;21.64;22.44;21.59;22.29;21.94;21.95;22.38;21.87;22.05;21.53;22.66;21.97;22.34;21.81;21.64;21.3;22;22.36;21.9;21.9;22.43;22.24;21.77;21.9;21.98;22.73;21.97;21.46;22.58;21.8;22.58;21.85;21.83;22.02;21.89;21.6;21.74;21.8;21.85;22.27;22.13;22.02;22.09;21.93;22.09;22.05
1997;3;21.75;22.04;21.1;21.69;21.53;20.89;21.36;22.14;21.34;22.04;21.81;21.77;22.3;21.69;21.92;21.28;22.59;21.77;22.26;21.6;21.4;21.01;21.79;22.15;21.73;21.63;22.34;22.08;21.57;21.79;21.79;22.69;21.77;21.19;22.52;21.65;22.52;21.62;21.69;21.88;21.76;21.33;21.42;21.56;21.62;21.99;21.91;21.88;21.98;21.77;21.96;21.92
1997;4;20.28;21.08;19.5;20.48;19.98;19.36;19.86;20.77;20.2;20.82;20.71;20.77;21.5;20.43;20.89;19.98;21.72;20.55;21.38;20.29;19.99;19.73;20.46;21.08;20.49;20.16;21.44;21.11;20.28;20.73;20.75;21.89;20.55;19.79;21.7;20.5;21.7;20.44;20.54;20.86;20.62;19.93;19.9;20.26;20.31;20.55;20.54;20.75;21.04;20.58;21.09;20.89
1997;5;17.74;19.11;17.07;18.31;17.49;17;17.42;18.58;17.96;18.72;18.63;18.83;19.74;18.17;18.89;17.7;20.02;18.4;19.51;18.04;17.57;17.43;18.13;19.08;18.27;17.63;19.58;19.14;17.99;18.65;18.69;20.17;18.4;17.44;19.93;18.36;19.93;18.29;18.38;18.83;18.48;17.56;17.41;18.03;18.08;18.12;18.16;18.66;19.1;18.42;19.25;18.89
1997;6;15.8;17.64;15.3;16.73;15.61;15.14;15.54;16.9;16.14;17.09;17.06;17.29;18.13;16.5;17.42;15.84;18.28;16.88;18.02;16.37;15.64;15.51;16.3;17.44;16.56;15.7;18.07;17.65;16.3;17.11;17.15;18.49;16.88;15.52;18.37;16.7;18.37;16.69;16.72;17.3;16.87;15.66;15.51;16.35;16.44;16.25;16.29;17.16;17.62;16.8;17.72;17.42
1997;7;16;17.8;15.65;17.09;15.93;15.58;15.89;17.05;16.45;17.2;17.3;17.53;18.11;16.8;17.69;16.19;18.09;17.26;18.05;16.73;15.89;15.89;16.45;17.51;16.77;15.92;18.09;17.82;16.65;17.32;17.38;18.31;17.26;15.88;18.29;16.89;18.29;17.02;16.93;17.49;17.09;15.98;15.79;16.71;16.81;16.45;16.41;17.48;17.77;17.06;17.83;17.69
1997;8;18.4;19.91;18.25;19.64;18.47;18.14;18.42;19.42;18.8;19.42;19.65;19.88;20.12;19.28;20.12;18.63;19.85;19.86;20.06;19.29;18.32;18.3;18.8;19.5;19.2;18.35;20.05;19.81;19.19;19.51;19.47;20.1;19.86;18.36;20.17;19.19;20.17;19.51;19.27;19.55;19.48;18.43;18.32;19.24;19.39;18.81;18.77;20.01;19.97;19.53;20;20.12
1997;9;20.62;21.53;20.35;21.47;20.65;20.14;20.52;21.4;20.69;21.26;21.33;21.58;21.81;21.17;21.74;20.54;21.71;21.65;21.76;21.18;20.42;20.21;20.84;21.28;21.08;20.55;21.76;21.44;21.08;21.13;21.06;21.91;21.65;20.34;21.93;20.94;21.93;21.36;21.02;21.16;21.23;20.47;20.49;21.14;21.28;20.98;20.89;21.7;21.63;21.33;21.67;21.74
1997;10;21.6;22.01;21.25;21.87;21.57;20.95;21.41;22.14;21.46;21.99;21.77;21.89;22.3;21.66;22.01;21.33;22.49;21.96;22.24;21.67;21.27;21.09;21.63;22.07;21.64;21.51;22.3;22.04;21.57;21.66;21.68;22.59;21.96;21.2;22.47;21.51;22.47;21.78;21.56;21.76;21.7;21.31;21.42;21.7;21.76;21.92;21.76;21.99;22;21.77;22.01;22.01
1997;11;21.77;22.06;21.2;21.89;21.64;20.97;21.47;22.17;21.45;22.06;21.86;21.87;22.25;21.78;22.03;21.38;22.56;21.99;22.26;21.74;21.45;21.08;21.78;22.18;21.78;21.67;22.36;22.13;21.68;21.76;21.79;22.64;21.99;21.28;22.49;21.64;22.49;21.82;21.7;21.86;21.81;21.44;21.5;21.74;21.81;22.02;21.9;22.04;22.01;21.88;21.97;22.03
1997;12;21.78;22.08;21.27;21.85;21.61;21.05;21.48;22.18;21.54;22.06;21.86;21.92;22.43;21.76;22.01;21.45;22.55;21.92;22.32;21.71;21.48;21.22;21.8;22.15;21.77;21.68;22.37;22.12;21.66;21.8;21.82;22.7;21.92;21.35;22.58;21.66;22.58;21.8;21.71;21.89;21.8;21.47;21.53;21.73;21.77;22.01;21.91;21.97;22.07;21.84;22.1;22.01
1998;1;21.74;21.83;21.29;21.59;21.61;21.05;21.44;22.14;21.29;21.96;21.6;21.62;22.11;21.55;21.71;21.28;22.34;21.65;22.06;21.52;21.39;21.1;21.68;21.99;21.57;21.63;22.13;21.9;21.47;21.57;21.62;22.46;21.65;21.24;22.32;21.47;22.32;21.53;21.49;21.68;21.55;21.34;21.53;21.51;21.56;21.97;21.82;21.68;21.78;21.59;21.79;21.71
1998;2;21.72;21.91;21.25;21.67;21.59;21;21.43;22.06;21.36;21.94;21.69;21.73;22.22;21.62;21.84;21.33;22.47;21.74;22.16;21.58;21.4;21.12;21.68;22.04;21.62;21.63;22.22;21.95;21.53;21.63;21.64;22.57;21.74;21.26;22.42;21.51;22.42;21.6;21.56;21.72;21.65;21.38;21.51;21.57;21.63;21.93;21.79;21.8;21.89;21.68;21.9;21.84
1998;3;21.59;21.91;20.99;21.57;21.37;20.74;21.2;22.02;21.25;21.9;21.66;21.68;22.25;21.52;21.81;21.16;22.45;21.64;22.15;21.45;21.22;20.92;21.62;22.01;21.56;21.47;22.21;21.95;21.41;21.64;21.64;22.57;21.64;21.05;22.42;21.49;22.42;21.51;21.53;21.73;21.61;21.18;21.29;21.43;21.49;21.86;21.74;21.74;21.89;21.61;21.9;21.81
1998;4;20.15;21.12;19.38;20.57;19.86;19.29;19.78;20.67;20.3;20.79;20.75;20.85;21.5;20.43;20.96;20.02;21.75;20.63;21.4;20.32;19.96;19.74;20.38;21.11;20.48;20.05;21.46;21.14;20.27;20.77;20.76;21.89;20.63;19.78;21.7;20.5;21.7;20.56;20.55;20.88;20.65;19.94;19.78;20.32;20.36;20.42;20.43;20.82;21.09;20.62;21.12;20.96
1998;5;17.62;18.88;16.83;18.02;17.28;16.69;17.17;18.49;17.66;18.65;18.39;18.5;19.32;17.94;18.6;17.39;19.73;18.11;19.22;17.77;17.35;17.13;17.99;18.99;18.06;17.47;19.33;18.97;17.75;18.46;18.55;19.83;18.11;17.15;19.59;18.16;19.59;17.99;18.17;18.66;18.24;17.27;17.21;17.73;17.79;18.01;18.05;18.39;18.81;18.17;18.89;18.6
1998;6;15.57;17.15;15;16.32;15.34;14.79;15.24;16.66;15.82;16.76;16.65;16.9;17.66;16.14;16.97;15.49;17.89;16.45;17.51;15.95;15.29;15.18;16.05;17.05;16.23;15.42;17.58;17.2;15.9;16.68;16.74;18.01;16.45;15.18;17.87;16.33;17.87;16.29;16.35;16.86;16.49;15.3;15.24;15.95;16;16.03;16.09;16.73;17.15;16.44;17.29;16.97
1998;7;15.39;17.36;15.14;16.66;15.39;15.04;15.32;16.51;15.87;16.67;16.83;17.14;17.7;16.27;17.27;15.58;17.65;16.85;17.62;16.23;15.26;15.3;15.85;16.97;16.24;15.31;17.64;17.35;16.12;16.85;16.89;17.84;16.85;15.27;17.85;16.37;17.85;16.63;16.42;17;16.61;15.32;15.24;16.2;16.34;15.83;15.81;17.04;17.35;16.59;17.43;17.27
1998;8;18.42;20.28;18.48;20.13;18.64;18.44;18.65;19.34;19.21;19.48;19.98;20.36;20.46;19.53;20.54;18.98;20.09;20.35;20.44;19.7;18.52;18.63;18.8;19.68;19.38;18.44;20.4;20.15;19.53;19.85;19.76;20.4;20.35;18.65;20.53;19.4;20.53;20.03;19.51;19.88;19.74;18.72;18.46;19.71;19.86;18.78;18.7;20.37;20.38;19.8;20.42;20.54
1998;9;21.49;22.37;21.46;22.46;21.67;21.24;21.54;22.17;21.59;22;22.22;22.46;22.62;22.06;22.61;21.47;22.41;22.66;22.58;22.16;21.31;21.13;21.63;22.05;21.93;21.45;22.59;22.29;22.03;22.03;21.89;22.67;22.66;21.29;22.72;21.78;22.72;22.33;21.9;22.02;22.12;21.41;21.47;22.15;22.3;21.83;21.67;22.64;22.44;22.24;22.46;22.61
1998;10;21.97;22.34;21.65;22.33;21.99;21.39;21.81;22.48;21.77;22.29;22.17;22.29;22.63;22.09;22.42;21.69;22.73;22.45;22.54;22.14;21.66;21.44;21.98;22.34;22.04;21.89;22.59;22.36;22.03;22.03;22.02;22.85;22.45;21.58;22.74;21.88;22.74;22.22;21.95;22.09;22.1;21.7;21.82;22.14;22.24;22.27;22.1;22.44;22.34;22.2;22.35;22.42
1998;11;21.75;21.96;21.26;21.77;21.65;21.01;21.47;22.14;21.4;22.02;21.76;21.82;22.29;21.69;21.93;21.33;22.5;21.86;22.19;21.65;21.4;21.12;21.73;22.1;21.69;21.66;22.26;22.02;21.6;21.67;21.71;22.61;21.86;21.26;22.46;21.56;22.46;21.7;21.61;21.78;21.7;21.37;21.52;21.63;21.7;21.99;21.85;21.91;21.95;21.76;21.97;21.93
1998;12;21.78;21.87;21.25;21.65;21.6;21.01;21.44;22.16;21.3;21.99;21.65;21.67;22.17;21.63;21.77;21.3;22.36;21.72;22.11;21.58;21.41;21.08;21.73;22.02;21.63;21.66;22.18;21.93;21.54;21.6;21.65;22.51;21.72;21.24;22.38;21.5;22.38;21.56;21.53;21.71;21.61;21.36;21.51;21.56;21.61;22.01;21.86;21.76;21.83;21.65;21.84;21.77
1999;1;21.63;21.68;21.12;21.45;21.46;20.85;21.28;21.99;21.12;21.81;21.48;21.47;21.93;21.46;21.58;21.11;22.19;21.53;21.88;21.4;21.27;20.91;21.56;21.85;21.46;21.51;21.97;21.75;21.38;21.43;21.48;22.3;21.53;21.07;22.13;21.34;22.13;21.37;21.37;21.54;21.44;21.2;21.37;21.36;21.42;21.84;21.69;21.57;21.62;21.48;21.61;21.58
1999;2;21.74;21.88;21.16;21.65;21.54;20.93;21.36;22.12;21.33;21.99;21.67;21.71;22.2;21.62;21.81;21.27;22.45;21.73;22.12;21.56;21.37;21.07;21.7;22.08;21.63;21.62;22.2;21.96;21.53;21.61;21.65;22.54;21.73;21.19;22.38;21.51;22.38;21.59;21.55;21.72;21.63;21.31;21.44;21.52;21.59;21.97;21.83;21.79;21.85;21.68;21.87;21.81
1999;3;21.57;21.98;20.95;21.65;21.37;20.76;21.22;21.94;21.34;21.91;21.72;21.74;22.27;21.57;21.86;21.22;22.53;21.72;22.21;21.5;21.25;21;21.61;22.09;21.6;21.46;22.29;22.03;21.46;21.7;21.71;22.64;21.72;21.1;22.47;21.53;22.47;21.59;21.58;21.8;21.66;21.21;21.28;21.49;21.54;21.79;21.71;21.8;21.93;21.67;21.93;21.86
1999;4;19.96;20.87;19.22;20.33;19.7;19.19;19.64;20.43;20.02;20.56;20.51;20.58;21.25;20.26;20.69;19.84;21.49;20.4;21.14;20.16;19.84;19.57;20.21;20.88;20.3;19.88;21.2;20.9;20.14;20.53;20.55;21.61;20.4;19.64;21.44;20.3;21.44;20.29;20.33;20.66;20.42;19.78;19.62;20.11;20.17;20.19;20.24;20.56;20.83;20.39;20.86;20.69
1999;5;18.02;19.27;17.3;18.4;17.72;17.14;17.61;18.92;18.05;19.06;18.77;18.86;19.66;18.34;18.96;17.8;20.13;18.49;19.59;18.17;17.78;17.53;18.41;19.4;18.47;17.89;19.69;19.38;18.15;18.86;18.99;20.16;18.49;17.57;19.93;18.57;19.93;18.34;18.57;19.07;18.64;17.7;17.64;18.13;18.19;18.42;18.46;18.76;19.18;18.57;19.25;18.96
1999;6;16.19;17.61;15.56;16.84;15.91;15.32;15.79;17.28;16.31;17.34;17.16;17.34;17.99;16.68;17.43;16;18.2;16.97;17.9;16.48;15.88;15.66;16.65;17.57;16.79;16.03;17.96;17.67;16.42;17.19;17.28;18.29;16.97;15.7;18.19;16.87;18.19;16.8;16.89;17.34;17.02;15.87;15.82;16.48;16.54;16.66;16.69;17.24;17.58;16.98;17.67;17.43
1999;7;15.4;17.35;15.01;16.57;15.28;14.9;15.24;16.4;16;16.6;16.81;17.11;17.69;16.23;17.22;15.62;17.52;16.72;17.63;16.12;15.29;15.34;15.88;16.92;16.24;15.32;17.63;17.33;16.02;16.85;16.86;17.77;16.72;15.27;17.82;16.37;17.82;16.56;16.43;16.99;16.61;15.38;15.17;16.15;16.23;15.81;15.83;16.97;17.36;16.56;17.45;17.22
1999;8;17.79;19.46;17.69;19.22;17.88;17.56;17.82;18.83;18.34;18.9;19.2;19.51;19.71;18.76;19.7;18.08;19.37;19.45;19.59;18.81;17.72;17.76;18.2;19.04;18.68;17.75;19.57;19.36;18.69;19.07;19.07;19.6;19.45;17.76;19.7;18.73;19.7;19.11;18.79;19.13;18.98;17.85;17.71;18.78;18.93;18.21;18.13;19.55;19.54;19.04;19.61;19.7
1999;9;20.67;21.67;20.49;21.59;20.73;20.27;20.62;21.48;20.91;21.37;21.49;21.7;21.89;21.25;21.87;20.69;21.83;21.76;21.86;21.26;20.48;20.41;20.93;21.41;21.2;20.61;21.87;21.59;21.13;21.32;21.24;21.99;21.76;20.45;22;21.1;22;21.5;21.18;21.33;21.39;20.59;20.56;21.28;21.39;21.05;20.96;21.83;21.76;21.48;21.77;21.87
1999;10;21.81;22.27;21.38;22.2;21.76;21.1;21.59;22.3;21.62;22.15;22.13;22.18;22.44;22.01;22.39;21.51;22.62;22.33;22.45;21.99;21.5;21.23;21.88;22.24;21.98;21.72;22.51;22.27;21.9;21.97;21.9;22.75;22.33;21.36;22.62;21.82;22.62;22.08;21.92;22;22.08;21.53;21.6;21.99;22.09;22.12;21.98;22.41;22.29;22.16;22.24;22.39
1999;11;21.77;22.09;21.24;21.91;21.63;21.05;21.5;22.15;21.54;22.03;21.89;21.95;22.36;21.81;22.07;21.46;22.59;22;22.32;21.78;21.49;21.22;21.8;22.14;21.8;21.68;22.38;22.11;21.72;21.81;21.79;22.71;22;21.35;22.56;21.67;22.56;21.84;21.73;21.89;21.83;21.48;21.52;21.77;21.83;22.01;21.91;22.05;22.08;21.89;22.08;22.07
1999;12;21.96;22.05;21.49;21.86;21.81;21.22;21.64;22.31;21.51;22.14;21.87;21.87;22.28;21.84;22;21.49;22.53;21.94;22.24;21.78;21.6;21.28;21.91;22.19;21.84;21.85;22.33;22.12;21.75;21.81;21.83;22.63;21.94;21.44;22.48;21.71;22.48;21.78;21.76;21.9;21.84;21.56;21.73;21.75;21.81;22.17;22.03;22;22;21.89;22;22
2000;1;21.82;21.98;21.31;21.72;21.66;21.02;21.49;22.18;21.39;22.02;21.74;21.79;22.28;21.66;21.9;21.35;22.46;21.78;22.21;21.63;21.46;21.11;21.75;22.07;21.67;21.72;22.27;22.02;21.57;21.69;21.72;22.61;21.78;21.28;22.47;21.56;22.47;21.67;21.6;21.79;21.68;21.43;21.58;21.63;21.68;22.03;21.87;21.84;21.96;21.71;21.97;21.9
2000;2;21.79;21.92;21.21;21.7;21.6;20.98;21.43;22.13;21.34;22;21.73;21.74;22.17;21.67;21.86;21.34;22.46;21.78;22.13;21.62;21.44;21.08;21.76;22.08;21.69;21.67;22.21;21.98;21.58;21.67;21.7;22.56;21.78;21.26;22.39;21.58;22.39;21.63;21.61;21.76;21.69;21.39;21.51;21.6;21.67;22;21.89;21.84;21.89;21.73;21.88;21.86
2000;3;21.62;21.99;20.95;21.66;21.4;20.76;21.25;22.01;21.32;21.92;21.76;21.78;22.29;21.62;21.91;21.23;22.53;21.75;22.22;21.54;21.3;20.97;21.67;22.06;21.65;21.51;22.29;22.02;21.5;21.72;21.7;22.64;21.75;21.11;22.48;21.56;22.48;21.61;21.62;21.79;21.71;21.26;21.3;21.51;21.58;21.86;21.77;21.86;21.96;21.72;21.96;21.91
2000;4;20.72;21.31;19.93;20.82;20.42;19.76;20.27;21.29;20.49;21.24;21.02;21.05;21.63;20.79;21.18;20.34;21.93;20.91;21.58;20.66;20.38;20.06;20.91;21.4;20.87;20.58;21.65;21.35;20.64;21.01;21.02;22.04;20.91;20.17;21.86;20.82;21.86;20.78;20.86;21.11;20.94;20.32;20.33;20.63;20.68;21.04;21.03;21.08;21.28;20.93;21.29;21.18
2000;5;17.83;19.15;17.07;18.32;17.52;16.93;17.42;18.75;17.91;18.85;18.68;18.83;19.65;18.22;18.91;17.64;19.92;18.43;19.5;18.05;17.6;17.33;18.25;19.16;18.34;17.7;19.57;19.21;18.02;18.73;18.81;20.05;18.43;17.38;19.85;18.44;19.85;18.3;18.45;18.91;18.54;17.55;17.44;18.02;18.09;18.25;18.3;18.69;19.11;18.47;19.22;18.91
2000;6;15.33;17.23;14.78;16.26;15.11;14.62;15.06;16.44;15.8;16.61;16.62;16.92;17.74;16.01;16.99;15.41;17.85;16.36;17.64;15.83;15.15;15.09;15.86;16.98;16.09;15.21;17.66;17.23;15.75;16.68;16.73;18.06;16.36;15.06;17.96;16.24;17.96;16.21;16.27;16.87;16.41;15.22;15.03;15.88;15.92;15.79;15.86;16.67;17.25;16.33;17.38;16.99
2000;7;14.92;17.05;14.62;16.21;14.85;14.55;14.84;16.05;15.63;16.24;16.49;16.78;17.44;15.84;16.9;15.25;17.28;16.36;17.34;15.73;14.86;14.99;15.48;16.59;15.88;14.85;17.34;17.02;15.61;16.53;16.55;17.53;16.36;14.89;17.56;16.04;17.56;16.17;16.1;16.68;16.27;14.97;14.75;15.76;15.85;15.39;15.42;16.64;17.06;16.22;17.15;16.9
2000;8;18.25;20.02;18.29;19.87;18.44;18.22;18.45;19.25;18.95;19.37;19.78;20.08;20.09;19.34;20.29;18.72;19.8;20.09;20.15;19.43;18.33;18.37;18.72;19.52;19.26;18.26;20.12;19.89;19.28;19.64;19.59;20.09;20.09;18.42;20.2;19.28;20.2;19.78;19.35;19.66;19.55;18.51;18.28;19.44;19.58;18.66;18.64;20.16;20.11;19.63;20.1;20.29
2000;9;21.18;22.34;21.17;22.52;21.42;21.01;21.35;21.77;21.73;21.78;22.17;22.46;22.54;21.96;22.64;21.51;22.33;22.69;22.53;22.12;21.14;21.2;21.36;21.91;21.8;21.2;22.53;22.21;21.94;21.95;21.79;22.64;22.69;21.24;22.66;21.66;22.66;22.38;21.79;21.95;22.04;21.34;21.23;22.18;22.3;21.46;21.34;22.65;22.43;22.18;22.43;22.64
2000;10;21.8;22.31;21.43;22.31;21.81;21.23;21.67;22.21;21.82;22.09;22.12;22.25;22.58;22.04;22.39;21.67;22.64;22.41;22.53;22.06;21.55;21.38;21.83;22.21;21.96;21.74;22.59;22.31;21.95;21.99;21.92;22.83;22.41;21.5;22.75;21.8;22.75;22.21;21.89;22.05;22.06;21.63;21.64;22.1;22.17;22.06;21.91;22.42;22.31;22.16;22.3;22.39
2000;11;21.94;22.25;21.46;22.09;21.82;21.25;21.67;22.32;21.67;22.21;22.05;22.1;22.51;21.98;22.22;21.61;22.72;22.18;22.47;21.96;21.66;21.37;21.96;22.31;21.97;21.85;22.55;22.29;21.89;21.96;21.97;22.85;22.18;21.51;22.71;21.83;22.71;22.01;21.89;22.05;21.99;21.64;21.7;21.94;22.02;22.18;22.07;22.22;22.22;22.06;22.21;22.22
2000;12;21.93;22.15;21.39;21.95;21.79;21.18;21.65;22.3;21.59;22.17;21.95;21.98;22.48;21.9;22.09;21.56;22.63;22.02;22.4;21.85;21.65;21.29;21.94;22.23;21.9;21.85;22.45;22.18;21.8;21.88;21.89;22.79;22.02;21.48;22.67;21.77;22.67;21.87;21.82;21.97;21.91;21.63;21.69;21.85;21.91;22.15;22.05;22.08;22.13;21.96;22.15;22.09
2001;1;21.81;21.97;21.33;21.75;21.68;21.1;21.51;22.13;21.43;22;21.74;21.8;22.31;21.7;21.88;21.38;22.49;21.81;22.23;21.65;21.48;21.17;21.76;22.08;21.7;21.71;22.29;22.01;21.61;21.69;21.7;22.66;21.81;21.32;22.52;21.57;22.52;21.69;21.61;21.78;21.7;21.44;21.59;21.64;21.69;21.99;21.87;21.85;21.95;21.74;21.98;21.88
2001;2;21.63;21.97;21.07;21.63;21.44;20.81;21.27;22.02;21.31;21.92;21.71;21.77;22.35;21.56;21.87;21.2;22.55;21.69;22.24;21.49;21.29;20.98;21.64;22.05;21.59;21.52;22.3;22;21.44;21.67;21.67;22.68;21.69;21.1;22.53;21.51;22.53;21.58;21.56;21.77;21.64;21.25;21.35;21.48;21.54;21.86;21.76;21.79;21.96;21.66;21.99;21.87
2001;3;21.6;21.95;20.93;21.65;21.38;20.74;21.23;21.96;21.34;21.9;21.73;21.75;22.23;21.6;21.88;21.24;22.48;21.72;22.18;21.52;21.28;20.98;21.64;22.05;21.62;21.49;22.24;21.98;21.49;21.69;21.68;22.58;21.72;21.11;22.43;21.54;22.43;21.59;21.59;21.77;21.68;21.24;21.29;21.5;21.55;21.82;21.74;21.83;21.93;21.69;21.92;21.88
2001;4;20.48;21.25;19.61;20.71;20.14;19.49;20.02;21.07;20.37;21.05;20.92;20.98;21.58;20.62;21.12;20.18;21.83;20.78;21.52;20.5;20.19;19.88;20.69;21.26;20.7;20.34;21.58;21.26;20.47;20.93;20.91;21.99;20.78;19.97;21.82;20.7;21.82;20.69;20.74;21.02;20.83;20.14;20.06;20.49;20.54;20.8;20.78;20.98;21.23;20.79;21.23;21.12
2001;5;17.93;19.13;17.11;18.28;17.59;16.99;17.49;18.72;17.92;18.85;18.67;18.78;19.64;18.24;18.89;17.7;19.94;18.39;19.48;18.08;17.71;17.41;18.29;19.17;18.35;17.8;19.55;19.18;18.06;18.73;18.79;20.08;18.39;17.46;19.85;18.45;19.85;18.25;18.46;18.9;18.53;17.63;17.52;18.02;18.09;18.29;18.34;18.67;19.1;18.46;19.18;18.89
2001;6;15.92;17.49;15.32;16.57;15.66;15.16;15.59;16.98;16.07;17.1;16.99;17.13;17.91;16.47;17.25;15.82;18.17;16.7;17.81;16.26;15.69;15.5;16.41;17.4;16.58;15.79;17.89;17.56;16.21;17.07;17.13;18.29;16.7;15.55;18.13;16.7;18.13;16.49;16.72;17.24;16.82;15.69;15.58;16.25;16.31;16.37;16.42;17.01;17.45;16.76;17.53;17.25
2001;7;15.78;17.53;15.57;16.87;15.79;15.45;15.76;16.79;16.26;16.93;17.09;17.31;17.76;16.59;17.47;16;17.69;17.03;17.72;16.47;15.67;15.72;16.23;17.16;16.59;15.72;17.74;17.5;16.38;17.1;17.09;17.86;17.03;15.72;17.88;16.66;17.88;16.78;16.73;17.2;16.91;15.77;15.66;16.49;16.56;16.19;16.18;17.28;17.54;16.89;17.56;17.47
2001;8;18.11;19.99;18.12;19.77;18.29;18.08;18.27;19.07;18.83;19.22;19.69;20.07;20.27;19.21;20.26;18.55;19.9;20;20.16;19.3;18.13;18.22;18.55;19.43;19.11;18.11;20.14;19.86;19.17;19.53;19.46;20.21;20;18.24;20.28;19.12;20.28;19.68;19.21;19.6;19.43;18.28;18.1;19.27;19.42;18.51;18.47;20.09;20.1;19.52;20.16;20.26
2001;9;21.16;21.91;20.95;22.08;21.29;20.72;21.13;21.81;21.19;21.59;21.8;22.04;22.18;21.69;22.21;21.07;21.97;22.28;22.08;21.76;20.93;20.72;21.28;21.54;21.56;21.11;22.08;21.76;21.63;21.58;21.39;22.18;22.28;20.89;22.19;21.35;22.19;21.95;21.48;21.54;21.71;21;21.08;21.75;21.89;21.51;21.34;22.26;22.01;21.86;22.01;22.21
2001;10;21.71;22.12;21.32;22.01;21.68;21.02;21.49;22.23;21.46;22.05;21.91;21.99;22.4;21.82;22.14;21.37;22.55;22.13;22.34;21.85;21.38;21.08;21.73;22.12;21.78;21.62;22.41;22.16;21.75;21.79;21.81;22.69;22.13;21.25;22.57;21.64;22.57;21.89;21.69;21.9;21.83;21.4;21.52;21.84;21.94;22.02;21.85;22.15;22.1;21.91;22.1;22.14
2001;11;21.92;22.25;21.46;22.04;21.81;21.21;21.65;22.33;21.64;22.23;22.03;22.06;22.46;21.94;22.19;21.57;22.72;22.12;22.46;21.9;21.62;21.33;21.95;22.34;21.95;21.83;22.55;22.3;21.84;21.96;21.97;22.82;22.12;21.47;22.69;21.82;22.69;21.96;21.87;22.05;21.98;21.6;21.69;21.89;21.96;22.18;22.07;22.18;22.21;22.03;22.19;22.19
2001;12;22.08;22.11;21.55;21.96;21.93;21.3;21.76;22.41;21.57;22.24;21.93;21.92;22.33;21.93;22.04;21.6;22.61;22.03;22.29;21.89;21.74;21.33;22.01;22.28;21.92;21.98;22.39;22.19;21.85;21.87;21.91;22.68;22.03;21.56;22.52;21.78;22.52;21.87;21.82;21.97;21.9;21.7;21.84;21.88;21.94;22.29;22.14;22.05;22.05;21.95;22.03;22.04
2002;1;21.88;21.91;21.39;21.7;21.74;21.12;21.55;22.25;21.36;22.06;21.71;21.72;22.17;21.69;21.82;21.36;22.43;21.78;22.12;21.62;21.48;21.16;21.82;22.1;21.7;21.77;22.2;21.99;21.59;21.66;21.72;22.53;21.78;21.33;22.38;21.58;22.38;21.64;21.61;21.77;21.68;21.43;21.64;21.6;21.66;22.11;21.97;21.82;21.86;21.73;21.86;21.82
2002;2;22.13;22.38;21.63;22.08;21.99;21.4;21.82;22.5;21.72;22.39;22.14;22.14;22.62;22.03;22.28;21.69;22.91;22.15;22.59;21.96;21.77;21.47;22.12;22.51;22.06;22.02;22.68;22.44;21.92;22.11;22.13;23;22.15;21.63;22.84;21.98;22.84;22.02;22.02;22.21;22.1;21.74;21.89;21.96;22.01;22.36;22.23;22.24;22.33;22.12;22.31;22.28
2002;3;21.76;22.11;21.1;21.73;21.53;20.91;21.38;22.18;21.39;22.09;21.85;21.84;22.38;21.71;21.98;21.33;22.66;21.81;22.34;21.62;21.42;21.07;21.81;22.21;21.75;21.64;22.42;22.15;21.59;21.83;21.84;22.77;21.81;21.24;22.6;21.67;22.6;21.67;21.72;21.93;21.8;21.37;21.44;21.59;21.65;22.02;21.93;21.92;22.06;21.8;22.04;21.98
2002;4;20.37;21.14;19.55;20.59;20.05;19.45;19.94;20.92;20.3;20.96;20.8;20.85;21.53;20.53;20.97;20.1;21.8;20.67;21.42;20.41;20.1;19.83;20.58;21.2;20.6;20.23;21.49;21.19;20.4;20.81;20.84;21.91;20.67;19.9;21.73;20.59;21.73;20.55;20.63;20.94;20.71;20.04;19.96;20.38;20.43;20.67;20.66;20.85;21.1;20.68;21.13;20.97
2002;5;17.56;18.98;16.84;18.07;17.26;16.68;17.17;18.52;17.73;18.65;18.45;18.61;19.52;17.95;18.69;17.44;19.86;18.16;19.37;17.79;17.33;17.16;17.99;19.01;18.07;17.42;19.45;19.04;17.75;18.52;18.6;19.99;18.16;17.16;19.76;18.2;19.76;18.05;18.21;18.73;18.29;17.31;17.19;17.79;17.84;18;18.04;18.45;18.94;18.21;19.05;18.69
2002;6;16.01;17.54;15.53;16.7;15.85;15.29;15.73;17.08;16.18;17.15;17.02;17.18;17.87;16.51;17.31;15.91;18.07;16.84;17.82;16.35;15.69;15.59;16.42;17.42;16.58;15.88;17.88;17.6;16.27;17.1;17.17;18.17;16.84;15.64;18.09;16.7;18.09;16.63;16.72;17.26;16.87;15.76;15.73;16.38;16.42;16.48;16.46;17.1;17.48;16.81;17.54;17.31
2002;7;16.31;17.87;16.05;17.37;16.3;15.86;16.22;17.32;16.6;17.38;17.51;17.71;18.03;17.08;17.88;16.38;17.9;17.57;18.01;16.99;16.12;16.03;16.75;17.54;17.08;16.22;18.05;17.87;16.89;17.48;17.5;18.11;17.57;16.11;18.16;17.1;18.16;17.27;17.16;17.56;17.35;16.2;16.14;16.97;17.09;16.73;16.74;17.76;17.85;17.37;17.86;17.88
2002;8;18.82;20.36;18.84;20.23;19.02;18.74;18.97;19.75;19.4;19.82;20.14;20.44;20.52;19.75;20.66;19.12;20.16;20.43;20.48;19.79;18.73;18.78;19.24;19.91;19.67;18.79;20.47;20.24;19.64;19.97;19.94;20.44;20.43;18.85;20.54;19.66;20.54;20.12;19.73;20;19.93;18.9;18.81;19.8;19.93;19.22;19.2;20.52;20.45;20.01;20.46;20.66
2002;9;21.2;22.12;20.93;22.19;21.27;20.77;21.18;21.86;21.51;21.8;21.94;22.2;22.41;21.8;22.34;21.29;22.26;22.34;22.34;21.86;21.05;20.96;21.39;21.89;21.66;21.15;22.35;22.05;21.73;21.75;21.69;22.5;22.34;21.05;22.51;21.53;22.51;22.05;21.61;21.79;21.82;21.17;21.09;21.89;21.99;21.53;21.41;22.33;22.2;21.94;22.22;22.34
2002;10;21.86;22.29;21.42;22.2;21.83;21.16;21.64;22.39;21.61;22.22;22.08;22.1;22.46;21.98;22.3;21.52;22.73;22.32;22.49;21.99;21.52;21.22;21.91;22.32;21.95;21.76;22.6;22.34;21.89;21.96;21.95;22.87;22.32;21.4;22.72;21.81;22.72;22.09;21.88;22.06;22.01;21.54;21.63;22;22.09;22.2;22.03;22.33;22.23;22.1;22.17;22.3
2002;11;22;22.29;21.49;22.15;21.91;21.3;21.77;22.38;21.76;22.29;22.1;22.12;22.57;22.03;22.25;21.7;22.79;22.23;22.5;22.02;21.73;21.42;22.02;22.41;22.03;21.92;22.58;22.35;21.95;22.01;22.05;22.91;22.23;21.59;22.77;21.9;22.77;22.04;21.96;22.11;22.05;21.74;21.77;22.03;22.09;22.23;22.12;22.27;22.25;22.12;22.25;22.25
2002;12;22.03;22.15;21.49;21.93;21.85;21.23;21.68;22.43;21.6;22.27;21.95;21.93;22.38;21.9;22.04;21.56;22.65;22;22.34;21.84;21.66;21.34;22;22.32;21.92;21.91;22.43;22.23;21.8;21.91;21.97;22.74;22;21.49;22.59;21.82;22.59;21.86;21.85;22.02;21.92;21.62;21.76;21.82;21.88;22.28;22.13;22.05;22.07;21.96;22.07;22.04
2003;1;21.97;22.01;21.49;21.8;21.83;21.23;21.66;22.32;21.49;22.17;21.8;21.78;22.18;21.78;21.89;21.49;22.5;21.86;22.19;21.75;21.62;21.28;21.9;22.22;21.79;21.87;22.28;22.1;21.71;21.77;21.84;22.57;21.86;21.45;22.41;21.68;22.41;21.71;21.71;21.88;21.77;21.57;21.75;21.74;21.79;22.18;22.03;21.89;21.94;21.8;21.91;21.89
2003;2;22.04;22.23;21.47;22.01;21.87;21.25;21.7;22.38;21.69;22.28;22.03;22.06;22.48;21.95;22.17;21.62;22.77;22.08;22.45;21.9;21.69;21.39;22.01;22.39;21.96;21.93;22.54;22.3;21.86;21.97;22;22.86;22.08;21.53;22.69;21.86;22.69;21.95;21.9;22.07;21.98;21.65;21.77;21.88;21.94;22.24;22.11;22.14;22.2;22.02;22.2;22.17
2003;3;22.03;22.32;21.44;22.03;21.84;21.27;21.69;22.4;21.71;22.29;22.1;22.1;22.56;21.98;22.23;21.65;22.85;22.1;22.53;21.91;21.72;21.43;22.05;22.41;22.01;21.92;22.61;22.35;21.88;22.06;22.06;22.94;22.1;21.55;22.77;21.92;22.77;21.98;21.97;22.15;22.05;21.67;21.74;21.89;21.95;22.26;22.16;22.19;22.28;22.07;22.26;22.23
2003;4;20.05;20.92;19.24;20.34;19.73;19.17;19.64;20.72;20.05;20.72;20.57;20.67;21.34;20.28;20.77;19.83;21.6;20.43;21.23;20.14;19.79;19.57;20.32;20.94;20.35;19.91;21.28;20.94;20.12;20.57;20.58;21.74;20.43;19.63;21.54;20.35;21.54;20.32;20.39;20.69;20.48;19.75;19.65;20.11;20.16;20.42;20.41;20.63;20.9;20.45;20.96;20.77
2003;5;18.06;19.37;17.24;18.46;17.69;17.08;17.58;18.98;18.05;19.1;18.87;18.96;19.79;18.43;19.08;17.79;20.17;18.58;19.71;18.23;17.82;17.47;18.48;19.43;18.54;17.9;19.8;19.44;18.23;18.94;19.02;20.26;18.58;17.53;20.05;18.65;20.05;18.44;18.65;19.13;18.73;17.72;17.61;18.17;18.25;18.49;18.55;18.86;19.31;18.66;19.36;19.08
2003;6;15.98;17.83;15.37;16.85;15.74;15.23;15.68;17.07;16.32;17.25;17.27;17.43;18.2;16.68;17.57;16;18.41;16.99;18.17;16.48;15.83;15.66;16.54;17.59;16.78;15.86;18.23;17.85;16.43;17.35;17.37;18.61;16.99;15.67;18.48;16.93;18.48;16.82;16.96;17.51;17.1;15.84;15.64;16.47;16.54;16.44;16.52;17.32;17.79;17.02;17.84;17.57
2003;7;15.97;17.66;15.64;17.01;15.9;15.45;15.81;17.08;16.3;17.17;17.27;17.48;17.86;16.76;17.63;16.04;17.75;17.21;17.83;16.63;15.77;15.75;16.46;17.33;16.79;15.86;17.85;17.66;16.56;17.28;17.3;17.94;17.21;15.75;18;16.88;18;16.94;16.93;17.35;17.12;15.82;15.76;16.59;16.7;16.42;16.44;17.48;17.65;17.09;17.71;17.63
2003;8;18.89;20.47;18.75;20.29;18.95;18.64;18.9;19.91;19.35;19.97;20.25;20.54;20.6;19.85;20.78;19.13;20.33;20.55;20.59;19.9;18.79;18.78;19.32;20.09;19.77;18.82;20.59;20.4;19.8;20.07;20.09;20.59;20.55;18.84;20.67;19.77;20.67;20.18;19.83;20.14;20.04;18.92;18.77;19.84;20.01;19.33;19.29;20.65;20.55;20.11;20.59;20.78
2003;9;22.02;22.79;21.86;22.96;22.17;21.64;22.01;22.49;22.05;22.35;22.7;22.91;22.96;22.57;23.12;21.92;22.67;23.17;22.96;22.66;21.81;21.55;22.12;22.37;22.42;21.98;22.96;22.66;22.54;22.49;22.31;23.05;23.17;21.75;23.07;22.25;23.07;22.82;22.37;22.44;22.59;21.87;21.94;22.61;22.78;22.29;22.16;23.17;22.87;22.72;22.85;23.12
2003;10;21.77;22.38;21.39;22.31;21.77;21.2;21.63;22.23;21.79;22.14;22.17;22.28;22.73;22.02;22.45;21.64;22.75;22.43;22.62;22.04;21.51;21.36;21.84;22.25;21.98;21.7;22.67;22.35;21.92;22.04;21.96;22.98;22.43;21.47;22.87;21.85;22.87;22.22;21.93;22.1;22.09;21.59;21.6;22.09;22.17;22.05;21.92;22.46;22.38;22.19;22.37;22.45
2003;11;22.27;22.46;21.74;22.34;22.16;21.46;21.95;22.68;21.84;22.53;22.28;22.29;22.7;22.24;22.45;21.78;23;22.46;22.68;22.22;21.87;21.52;22.27;22.59;22.24;22.15;22.77;22.52;22.15;22.17;22.19;23.08;22.46;21.7;22.93;22.07;22.93;22.23;22.13;22.27;22.23;21.82;22;22.18;22.29;22.54;22.41;22.49;22.42;22.32;22.4;22.45
2003;12;22.24;22.31;21.76;22.14;22.13;21.5;21.95;22.62;21.77;22.44;22.14;22.13;22.55;22.12;22.26;21.78;22.79;22.22;22.5;22.08;21.9;21.54;22.2;22.45;22.13;22.15;22.58;22.37;22.02;22.07;22.1;22.89;22.22;21.74;22.76;21.99;22.76;22.06;22.04;22.16;22.12;21.86;22.03;22.05;22.13;22.46;22.32;22.27;22.26;22.17;22.25;22.26
2004;1;22.06;22.19;21.57;22;21.93;21.33;21.76;22.41;21.68;22.25;21.99;22.05;22.51;21.94;22.15;21.64;22.7;22.07;22.42;21.89;21.71;21.42;22.01;22.31;21.94;21.96;22.49;22.24;21.84;21.92;21.94;22.84;22.07;21.57;22.7;21.82;22.7;21.95;21.86;22.01;21.94;21.69;21.84;21.89;21.94;22.27;22.13;22.12;22.18;21.99;22.19;22.15
2004;2;22.41;22.49;21.81;22.27;22.22;21.55;22.03;22.75;21.9;22.58;22.3;22.3;22.71;22.25;22.43;21.89;22.99;22.35;22.7;22.21;22.04;21.62;22.36;22.64;22.26;22.29;22.78;22.55;22.17;22.24;22.26;23.1;22.35;21.83;22.94;22.14;22.94;22.2;22.18;22.33;22.26;21.99;22.12;22.18;22.24;22.63;22.49;22.41;22.46;22.3;22.44;22.43
2004;3;21.63;22.07;21.03;21.76;21.44;20.89;21.33;22.01;21.49;21.94;21.82;21.88;22.39;21.68;21.98;21.36;22.58;21.82;22.3;21.61;21.38;21.13;21.7;22.09;21.7;21.54;22.36;22.09;21.57;21.79;21.77;22.73;21.82;21.24;22.57;21.62;22.57;21.71;21.67;21.87;21.76;21.36;21.35;21.61;21.66;21.86;21.8;21.91;22.05;21.77;22.06;21.98
2004;4;20.31;21.16;19.5;20.6;20.02;19.39;19.9;20.82;20.35;20.88;20.79;20.9;21.62;20.49;21.01;20.09;21.84;20.66;21.47;20.37;20.04;19.84;20.49;21.16;20.54;20.19;21.53;21.18;20.34;20.79;20.8;22;20.66;19.88;21.81;20.55;21.81;20.58;20.59;20.92;20.68;20;19.93;20.37;20.41;20.58;20.55;20.85;21.14;20.66;21.19;21.01
2004;5;17.42;19.02;16.65;18.09;17.11;16.6;17.06;18.28;17.73;18.54;18.47;18.61;19.51;17.98;18.7;17.42;19.88;18.2;19.39;17.83;17.34;17.14;17.87;18.99;18.06;17.33;19.48;19.08;17.81;18.56;18.63;20;18.2;17.12;19.76;18.21;19.76;18.07;18.22;18.77;18.31;17.29;17.04;17.78;17.86;17.78;17.86;18.47;18.95;18.23;19.03;18.7
2004;6;15.75;17.48;15.17;16.44;15.5;15.01;15.4;16.98;15.95;17.12;16.86;17;17.86;16.29;17.14;15.64;18.24;16.56;17.83;16.09;15.46;15.35;16.27;17.45;16.41;15.59;17.92;17.56;16.04;16.96;17.08;18.32;16.56;15.35;18.17;16.57;18.17;16.39;16.56;17.18;16.69;15.46;15.39;16.09;16.13;16.27;16.31;16.88;17.39;16.6;17.45;17.14
2004;7;15.81;17.7;15.54;16.86;15.78;15.41;15.7;16.98;16.23;17.13;17.16;17.4;18.06;16.57;17.53;15.91;18.01;17.02;17.96;16.44;15.6;15.66;16.32;17.41;16.62;15.7;17.98;17.72;16.36;17.22;17.29;18.19;17.02;15.64;18.22;16.76;18.22;16.81;16.79;17.38;16.96;15.67;15.63;16.43;16.51;16.3;16.32;17.28;17.66;16.9;17.76;17.53
2004;8;18.48;20.19;18.47;19.96;18.63;18.35;18.58;19.39;19.03;19.54;19.91;20.22;20.52;19.51;20.44;18.8;20.14;20.21;20.38;19.58;18.46;18.48;18.89;19.73;19.4;18.46;20.35;20.09;19.47;19.77;19.73;20.44;20.21;18.52;20.54;19.41;20.54;19.81;19.49;19.81;19.71;18.59;18.45;19.52;19.69;18.85;18.82;20.3;20.28;19.77;20.36;20.44
2004;9;21.16;22.02;21.02;22.09;21.28;20.82;21.14;21.83;21.3;21.7;21.86;22.09;22.23;21.71;22.26;21.13;22.09;22.27;22.18;21.75;20.92;20.82;21.29;21.74;21.58;21.09;22.21;21.95;21.64;21.66;21.57;22.29;22.27;20.94;22.3;21.44;22.3;21.94;21.54;21.69;21.76;21.02;21.09;21.75;21.86;21.5;21.32;22.29;22.07;21.89;22.07;22.26
2004;10;22.22;22.36;21.81;22.33;22.21;21.48;21.97;22.6;21.76;22.4;22.21;22.23;22.54;22.19;22.43;21.72;22.81;22.46;22.54;22.2;21.8;21.46;22.16;22.44;22.15;22.12;22.63;22.39;22.12;22.07;22.05;22.9;22.46;21.66;22.75;21.96;22.75;22.2;22.03;22.13;22.17;21.78;22.02;22.17;22.29;22.49;22.3;22.49;22.34;22.27;22.28;22.43
2004;11;22.16;22.36;21.6;22.21;22.01;21.32;21.82;22.48;21.76;22.33;22.18;22.21;22.63;22.14;22.36;21.69;22.85;22.32;22.6;22.08;21.8;21.42;22.13;22.41;22.12;22.05;22.67;22.38;22.03;22.08;22.04;22.97;22.32;21.6;22.84;21.96;22.84;22.14;22.03;22.14;22.14;21.74;21.87;22.05;22.12;22.38;22.25;22.38;22.35;22.22;22.33;22.36
2004;12;22.16;22.3;21.7;22.1;22.03;21.46;21.87;22.58;21.79;22.4;22.1;22.12;22.54;22.04;22.24;21.75;22.75;22.17;22.51;22;21.82;21.54;22.13;22.43;22.06;22.06;22.59;22.36;21.95;22.03;22.07;22.91;22.17;21.69;22.77;21.93;22.77;22.03;21.97;22.13;22.06;21.79;21.94;22;22.05;22.4;22.26;22.23;22.26;22.11;22.25;22.24
2005;1;21.88;21.98;21.45;21.79;21.76;21.2;21.59;22.27;21.5;22.09;21.8;21.82;22.26;21.74;21.91;21.46;22.45;21.85;22.19;21.7;21.53;21.28;21.85;22.11;21.77;21.78;22.25;22.03;21.65;21.74;21.76;22.56;21.85;21.4;22.43;21.65;22.43;21.71;21.69;21.82;21.76;21.5;21.67;21.71;21.76;22.11;21.97;21.89;21.95;21.8;21.96;21.91
2005;2;22.14;22.27;21.59;22.02;21.95;21.32;21.76;22.52;21.7;22.37;22.07;22.1;22.55;22;22.21;21.64;22.82;22.09;22.49;21.93;21.75;21.42;22.1;22.45;22.01;22.01;22.56;22.33;21.89;22.02;22.04;22.89;22.09;21.57;22.75;21.91;22.75;21.96;21.95;22.1;22.03;21.69;21.86;21.9;21.96;22.37;22.23;22.17;22.26;22.06;22.26;22.21
2005;3;21.92;22.23;21.22;21.92;21.66;21.01;21.5;22.27;21.58;22.18;22;22.02;22.48;21.88;22.14;21.49;22.75;21.99;22.45;21.8;21.58;21.23;21.94;22.31;21.91;21.8;22.53;22.27;21.77;21.96;21.96;22.86;21.99;21.36;22.69;21.82;22.69;21.87;21.87;22.05;21.95;21.52;21.57;21.77;21.83;22.14;22.05;22.1;22.2;21.97;22.19;22.14
2005;4;20.25;21.15;19.48;20.52;19.96;19.35;19.85;20.83;20.2;20.87;20.77;20.83;21.57;20.46;20.97;20;21.8;20.61;21.45;20.34;20.01;19.72;20.49;21.14;20.52;20.14;21.5;21.17;20.32;20.8;20.8;21.96;20.61;19.8;21.76;20.54;21.76;20.48;20.57;20.92;20.66;19.96;19.88;20.3;20.36;20.56;20.56;20.8;21.12;20.61;21.15;20.97
2005;5;17.61;19.2;16.89;18.35;17.3;16.82;17.26;18.61;17.99;18.78;18.67;18.84;19.72;18.15;18.93;17.65;20.01;18.43;19.56;18.03;17.47;17.35;18.1;19.16;18.26;17.49;19.62;19.25;17.97;18.74;18.82;20.12;18.43;17.32;19.93;18.4;19.93;18.31;18.41;18.94;18.51;17.5;17.24;18.04;18.09;18.05;18.12;18.69;19.15;18.43;19.26;18.93
2005;6;16.01;17.64;15.5;16.8;15.82;15.33;15.74;17;16.3;17.14;17.1;17.3;18.02;16.59;17.41;16;18.2;16.91;17.97;16.42;15.78;15.68;16.46;17.48;16.66;15.89;18.04;17.69;16.35;17.14;17.2;18.35;16.91;15.7;18.25;16.75;18.25;16.73;16.79;17.33;16.94;15.85;15.72;16.46;16.5;16.44;16.47;17.18;17.6;16.88;17.68;17.41
2005;7;16.15;18;15.8;17.18;16.06;15.66;16;17.25;16.57;17.37;17.47;17.72;18.26;16.92;17.83;16.26;18.13;17.33;18.25;16.79;15.99;15.98;16.64;17.62;16.95;16.05;18.28;18;16.72;17.52;17.57;18.4;17.33;15.96;18.44;17.07;18.44;17.15;17.11;17.66;17.27;16.05;15.94;16.78;16.86;16.6;16.61;17.59;17.98;17.22;18.05;17.83
2005;8;18.74;20.25;18.59;20.16;18.84;18.5;18.79;19.74;19.23;19.77;20.03;20.32;20.43;19.68;20.54;19.01;20.19;20.38;20.4;19.75;18.66;18.63;19.15;19.85;19.6;18.69;20.4;20.16;19.63;19.85;19.8;20.45;20.38;18.72;20.52;19.54;20.52;20.05;19.62;19.88;19.84;18.79;18.66;19.72;19.87;19.17;19.13;20.44;20.33;19.93;20.35;20.54
2005;9;21.26;22.11;21.02;22.21;21.35;20.81;21.2;21.98;21.4;21.78;21.94;22.22;22.36;21.79;22.38;21.2;22.21;22.4;22.31;21.87;21.01;20.84;21.41;21.79;21.65;21.2;22.34;22.01;21.75;21.72;21.6;22.47;22.4;20.98;22.47;21.48;22.47;22.08;21.58;21.74;21.8;21.09;21.14;21.86;21.99;21.64;21.48;22.38;22.19;21.94;22.21;22.38
2005;10;21.86;22.33;21.48;22.23;21.82;21.23;21.66;22.3;21.71;22.17;22.12;22.24;22.64;22.01;22.38;21.6;22.71;22.34;22.55;22.03;21.57;21.34;21.89;22.27;21.97;21.78;22.61;22.33;21.94;22;21.97;22.9;22.34;21.46;22.78;21.83;22.78;22.12;21.9;22.08;22.04;21.6;21.66;22.03;22.11;22.15;22;22.37;22.34;22.12;22.34;22.38
2005;11;22.15;22.52;21.8;22.32;22.1;21.55;21.96;22.6;21.97;22.46;22.29;22.36;22.8;22.16;22.48;21.87;22.95;22.39;22.74;22.15;21.86;21.64;22.19;22.52;22.18;22.07;22.81;22.54;22.07;22.22;22.2;23.1;22.39;21.77;22.97;22.07;22.97;22.26;22.12;22.31;22.22;21.9;21.98;22.19;22.23;22.41;22.3;22.44;22.5;22.27;22.5;22.48
2005;12;22.18;22.3;21.75;22.1;22.07;21.49;21.91;22.57;21.81;22.4;22.11;22.11;22.54;22.05;22.21;21.78;22.78;22.17;22.49;22.01;21.84;21.58;22.17;22.44;22.07;22.08;22.57;22.37;21.96;22.08;22.1;22.88;22.17;21.72;22.73;21.96;22.73;22.03;21.99;22.16;22.06;21.82;21.98;22.02;22.07;22.41;22.31;22.19;22.25;22.09;22.24;22.21
