ANO;MÊS;1200013 - Acrelândia;1200054 - Assis Brasil;1200104 - Brasiléia;1200138 - Bujari;1200179 - Capixaba;1200203 - Cruzeiro do Sul;1200252 - Epitaciolândia;1200302 - Feijó;1200328 - Jordão;1200336 - Mâncio Lima;1200344 - Manoel Urbano;1200351 - Marechal Thaumaturgo;1200385 - Plácido de Castro;1200393 - Porto Walter;1200401 - Rio Branco;1200427 - Rodrigues Alves;1200435 - Santa Rosa do Purus;1200450 - Senador Guiomard;1200500 - Sena Madureira;1200609 - Tarauacá;1200708 - Xapuri;1200807 - Porto Acre
1986;1;21.66;21.04;21.12;21.47;21.37;21.05;21.12;21.08;20.88;20.99;21.16;20.98;21.59;21.04;21.37;20.99;20.95;21.56;21.2;21.08;21.2;21.55
1986;2;21.92;21.27;21.34;21.78;21.6;21.35;21.3;21.37;21.17;21.29;21.44;21.26;21.84;21.33;21.64;21.31;21.23;21.82;21.47;21.37;21.4;21.85
1986;3;21.83;21.06;21.13;21.72;21.46;21.36;21.08;21.41;21.12;21.33;21.4;21.22;21.72;21.3;21.52;21.32;21.17;21.73;21.38;21.46;21.22;21.8
1986;4;20.77;19.9;19.89;20.65;20.26;20.49;19.76;20.41;20.13;20.56;20.35;20.27;20.61;20.38;20.39;20.48;20.07;20.63;20.28;20.5;19.95;20.73
1986;5;19.22;18.37;18.26;19.11;18.64;19.25;18.08;19.02;18.8;19.33;18.88;18.96;19.04;19.11;18.83;19.2;18.55;19.05;18.76;19.14;18.29;19.17
1986;6;17.65;16.82;16.61;17.46;16.98;18.05;16.38;17.55;17.46;18.11;17.35;17.75;17.43;17.92;17.2;18;16.97;17.41;17.18;17.65;16.62;17.49
1986;7;17.07;16.59;16.16;16.74;16.4;17.74;15.88;16.93;17.17;17.86;16.73;17.56;16.85;17.68;16.58;17.71;16.38;16.78;16.61;16.93;16.08;16.73
1986;8;19.4;18.86;18.47;19.03;18.77;19.62;18.24;18.97;19.22;19.72;18.9;19.58;19.21;19.63;18.88;19.63;18.6;19.18;18.84;18.91;18.43;19.03
1986;9;21.35;20.74;20.58;21.03;20.9;21.07;20.46;20.76;20.83;21.07;20.78;21.07;21.22;21.1;20.92;21.07;20.53;21.19;20.78;20.71;20.61;21.09
1986;10;21.7;20.97;20.98;21.49;21.28;21.4;20.9;21.26;21.17;21.39;21.22;21.33;21.57;21.39;21.34;21.39;21.02;21.56;21.2;21.31;21.03;21.57
1986;11;21.92;21.26;21.3;21.8;21.57;21.44;21.23;21.46;21.24;21.44;21.49;21.34;21.82;21.41;21.63;21.43;21.28;21.82;21.49;21.48;21.36;21.87
1986;12;21.84;21.26;21.34;21.7;21.56;21.31;21.32;21.31;21.11;21.29;21.37;21.21;21.77;21.28;21.57;21.27;21.17;21.75;21.41;21.32;21.4;21.77
1987;1;21.78;21.24;21.27;21.62;21.5;21.22;21.24;21.27;21.06;21.18;21.33;21.15;21.72;21.2;21.51;21.18;21.14;21.69;21.36;21.27;21.32;21.68
1987;2;21.96;21.36;21.41;21.84;21.68;21.45;21.38;21.49;21.28;21.41;21.53;21.37;21.89;21.42;21.7;21.42;21.32;21.88;21.54;21.51;21.48;21.91
1987;3;21.96;21.25;21.29;21.86;21.6;21.5;21.21;21.53;21.28;21.51;21.54;21.36;21.86;21.44;21.66;21.47;21.34;21.87;21.52;21.58;21.35;21.93
1987;4;21.25;20.3;20.34;21.11;20.75;20.9;20.24;20.88;20.59;20.95;20.8;20.7;21.09;20.81;20.86;20.88;20.55;21.1;20.73;20.98;20.43;21.2
1987;5;19.5;18.61;18.47;19.31;18.86;19.59;18.28;19.28;19.11;19.64;19.13;19.32;19.29;19.47;19.05;19.55;18.82;19.27;19;19.37;18.5;19.38
1987;6;17.78;16.89;16.68;17.55;17.12;18.21;16.45;17.67;17.62;18.28;17.45;17.92;17.56;18.08;17.31;18.16;17.06;17.53;17.28;17.77;16.72;17.58
1987;7;17.61;17.04;16.67;17.31;16.95;18.2;16.38;17.47;17.67;18.27;17.32;18.04;17.38;18.14;17.15;18.16;16.95;17.31;17.18;17.48;16.62;17.26
1987;8;19.76;19.16;18.8;19.36;19.08;20.09;18.55;19.42;19.64;20.15;19.3;20;19.55;20.08;19.22;20.07;18.97;19.49;19.19;19.42;18.74;19.38
1987;9;21.68;21.01;20.88;21.31;21.24;21.38;20.77;21.06;21.12;21.36;21.04;21.37;21.55;21.41;21.22;21.36;20.78;21.5;21.05;21.04;20.93;21.37
1987;10;22.03;21.33;21.34;21.81;21.64;21.75;21.26;21.54;21.48;21.73;21.51;21.65;21.91;21.73;21.67;21.73;21.31;21.89;21.51;21.58;21.4;21.89
1987;11;22.48;21.8;21.85;22.27;22.16;21.98;21.79;21.92;21.78;21.98;21.96;21.91;22.39;21.97;22.15;21.97;21.75;22.37;21.98;21.92;21.92;22.36
1987;12;22.16;21.57;21.64;22.11;21.92;21.79;21.6;21.74;21.57;21.8;21.77;21.69;22.1;21.76;21.95;21.77;21.55;22.11;21.79;21.77;21.72;22.14
1988;1;22.35;21.79;21.86;22.23;22.11;21.8;21.84;21.8;21.63;21.76;21.88;21.74;22.3;21.79;22.11;21.76;21.66;22.28;21.93;21.8;21.94;22.28
1988;2;22.37;21.65;21.75;22.3;22.07;21.79;21.72;21.83;21.59;21.79;21.88;21.69;22.29;21.77;22.1;21.78;21.65;22.3;21.91;21.84;21.85;22.36
1988;3;22.25;21.53;21.62;22.14;21.95;21.72;21.58;21.75;21.5;21.74;21.78;21.59;22.16;21.67;21.97;21.71;21.57;22.17;21.8;21.78;21.72;22.21
1988;4;21.1;20.25;20.22;21;20.57;20.93;20.08;20.84;20.61;20.98;20.76;20.75;20.93;20.84;20.74;20.9;20.47;20.95;20.65;20.91;20.27;21.06
1988;5;19.36;18.5;18.35;19.23;18.72;19.63;18.16;19.27;19.14;19.67;19.08;19.35;19.15;19.5;18.95;19.58;18.73;19.14;18.92;19.38;18.39;19.27
1988;6;18.04;17.27;17.02;17.84;17.38;18.48;16.78;17.98;17.95;18.57;17.78;18.23;17.83;18.37;17.61;18.44;17.42;17.79;17.61;18.07;17.02;17.85
1988;7;17.36;16.66;16.26;17.01;16.57;17.98;15.95;17.18;17.39;18.1;16.97;17.78;17.08;17.9;16.81;17.94;16.57;17.01;16.82;17.2;16.2;17
1988;8;19.48;18.81;18.39;19.09;18.72;19.8;18.11;19.1;19.35;19.89;18.98;19.72;19.24;19.78;18.9;19.77;18.61;19.21;18.87;19.07;18.33;19.1
1988;9;21.72;20.99;20.8;21.36;21.17;21.4;20.68;21.06;21.11;21.42;21.06;21.36;21.56;21.41;21.2;21.4;20.8;21.54;21.05;21.03;20.85;21.43
1988;10;22.12;21.45;21.46;22.02;21.79;21.76;21.37;21.65;21.53;21.73;21.67;21.7;22.02;21.75;21.83;21.73;21.46;22.05;21.68;21.67;21.53;22.07
1988;11;22.32;21.55;21.63;22.17;21.96;21.73;21.57;21.71;21.5;21.71;21.77;21.62;22.23;21.7;21.99;21.7;21.55;22.23;21.8;21.73;21.7;22.25
1988;12;21.88;21.26;21.35;21.76;21.63;21.34;21.32;21.34;21.13;21.32;21.42;21.23;21.83;21.3;21.64;21.3;21.2;21.82;21.45;21.34;21.43;21.82
1989;1;21.75;21.12;21.19;21.57;21.49;21.18;21.17;21.13;21.01;21.13;21.19;21.12;21.69;21.18;21.45;21.14;21.01;21.66;21.26;21.13;21.27;21.65
1989;2;21.8;21.15;21.23;21.75;21.54;21.3;21.19;21.34;21.1;21.3;21.38;21.19;21.74;21.27;21.57;21.28;21.16;21.74;21.4;21.36;21.32;21.81
1989;3;21.83;21.08;21.12;21.73;21.46;21.3;21.05;21.37;21.1;21.29;21.37;21.18;21.73;21.25;21.52;21.26;21.13;21.74;21.36;21.41;21.19;21.81
1989;4;20.6;19.79;19.71;20.47;20.09;20.46;19.56;20.32;20.1;20.52;20.2;20.25;20.44;20.36;20.22;20.43;19.92;20.46;20.11;20.41;19.75;20.54
1989;5;18.89;18.12;17.89;18.68;18.23;19.09;17.67;18.68;18.65;19.16;18.52;18.88;18.69;19;18.43;19.04;18.21;18.66;18.39;18.75;17.88;18.72
1989;6;17.78;16.9;16.65;17.53;17.03;18.2;16.39;17.64;17.58;18.3;17.45;17.88;17.53;18.07;17.28;18.16;17.08;17.51;17.27;17.74;16.65;17.57
1989;7;17.63;17.01;16.57;17.21;16.82;18.16;16.28;17.38;17.57;18.29;17.21;17.96;17.36;18.09;17.05;18.15;16.84;17.27;17.07;17.38;16.49;17.22
1989;8;19.66;19.14;18.71;19.24;18.98;20.07;18.44;19.29;19.59;20.21;19.19;19.99;19.43;20.07;19.12;20.1;18.87;19.38;19.11;19.23;18.64;19.24
1989;9;21.78;21.2;21.06;21.49;21.37;21.58;20.95;21.22;21.32;21.56;21.23;21.58;21.65;21.61;21.38;21.56;20.96;21.61;21.24;21.2;21.11;21.51
1989;10;22.22;21.7;21.68;22.07;21.9;22.05;21.57;21.86;21.8;22.08;21.86;21.96;22.12;22.03;21.96;22.06;21.67;22.11;21.85;21.87;21.7;22.11
1989;11;22.3;21.58;21.62;22.12;21.95;21.91;21.58;21.83;21.66;21.94;21.81;21.79;22.2;21.87;21.97;21.9;21.61;22.19;21.81;21.87;21.7;22.2
1989;12;22.27;21.62;21.71;22.12;22.03;21.7;21.71;21.67;21.53;21.65;21.75;21.65;22.22;21.69;22;21.65;21.54;22.2;21.8;21.66;21.82;22.18
1990;1;22.24;21.67;21.74;22.1;22.01;21.75;21.72;21.73;21.56;21.7;21.8;21.67;22.19;21.73;22;21.72;21.59;22.15;21.83;21.74;21.82;22.15
1990;2;22.31;21.78;21.84;22.26;22.07;21.9;21.8;21.93;21.71;21.89;21.96;21.79;22.25;21.86;22.1;21.87;21.78;22.25;21.97;21.94;21.9;22.3
1990;3;22.09;21.23;21.26;21.96;21.66;21.61;21.17;21.59;21.37;21.61;21.59;21.47;21.96;21.55;21.73;21.58;21.36;21.98;21.56;21.64;21.35;22.05
1990;4;21.29;20.41;20.4;21.17;20.8;21.12;20.28;21;20.76;21.19;20.88;20.91;21.14;21.03;20.91;21.11;20.6;21.15;20.79;21.09;20.47;21.25
1990;5;19.74;19.07;18.92;19.65;19.2;19.93;18.72;19.69;19.52;19.98;19.56;19.69;19.57;19.82;19.41;19.89;19.28;19.57;19.41;19.78;18.91;19.68
1990;6;18.14;17.78;17.46;17.96;17.57;18.91;17.21;18.27;18.38;19.04;18.05;18.66;17.94;18.8;17.81;18.91;17.8;17.91;17.9;18.36;17.36;17.96
1990;7;18.05;17.33;17.02;17.73;17.38;18.58;16.77;17.85;18;18.72;17.68;18.36;17.82;18.5;17.55;18.56;17.29;17.75;17.54;17.88;17.02;17.72
1990;8;20.04;19.69;19.27;19.74;19.46;20.62;19;19.9;20.23;20.67;19.78;20.59;19.85;20.64;19.62;20.6;19.46;19.82;19.67;19.86;19.19;19.7
1990;9;21.75;21.17;20.95;21.44;21.26;21.66;20.8;21.26;21.37;21.72;21.25;21.65;21.62;21.69;21.32;21.68;20.96;21.57;21.21;21.22;20.97;21.46
1990;10;22.46;21.81;21.81;22.23;22.13;22.07;21.74;21.97;21.88;22.05;21.97;22.03;22.37;22.07;22.13;22.05;21.78;22.34;21.98;21.98;21.88;22.29
1990;11;22.45;21.82;21.86;22.33;22.13;22.12;21.79;22.04;21.89;22.09;22.04;22.03;22.37;22.1;22.18;22.09;21.84;22.35;22.03;22.08;21.91;22.39
1990;12;22.26;21.65;21.71;22.09;21.97;21.76;21.68;21.69;21.57;21.74;21.74;21.7;22.19;21.75;21.96;21.73;21.55;22.17;21.78;21.7;21.77;22.17
1991;1;22.1;21.48;21.59;21.94;21.85;21.56;21.6;21.51;21.38;21.52;21.58;21.5;22.05;21.56;21.83;21.54;21.39;22.02;21.63;21.51;21.67;22.01
1991;2;22.19;21.45;21.56;22.07;21.87;21.7;21.54;21.7;21.47;21.69;21.72;21.58;22.1;21.66;21.9;21.69;21.51;22.1;21.73;21.73;21.65;22.14
1991;3;22.14;21.33;21.37;22.03;21.75;21.6;21.32;21.61;21.37;21.64;21.62;21.46;22.03;21.53;21.8;21.59;21.39;22.03;21.62;21.66;21.47;22.11
1991;4;21.41;20.61;20.61;21.32;20.98;21.21;20.5;21.18;20.93;21.24;21.09;21.03;21.27;21.12;21.09;21.18;20.86;21.3;21;21.28;20.68;21.39
1991;5;19.59;18.7;18.61;19.48;19.03;19.67;18.45;19.41;19.22;19.73;19.26;19.41;19.41;19.54;19.2;19.63;18.94;19.42;19.13;19.52;18.67;19.53
1991;6;17.97;17.1;16.89;17.78;17.32;18.34;16.66;17.86;17.79;18.45;17.68;18.06;17.75;18.21;17.52;18.3;17.31;17.73;17.51;17.95;16.93;17.79
1991;7;17.11;16.45;16.02;16.72;16.34;17.65;15.74;16.86;17.04;17.78;16.67;17.43;16.86;17.57;16.54;17.62;16.26;16.78;16.54;16.85;15.97;16.73
1991;8;19.56;19.02;18.58;19.15;18.87;20.04;18.31;19.22;19.55;20.17;19.07;19.95;19.35;20.04;19.02;20.04;18.74;19.3;18.99;19.17;18.53;19.15
1991;9;21.54;21.06;20.89;21.25;21.11;21.29;20.75;21.01;21.02;21.29;21.05;21.29;21.41;21.33;21.16;21.29;20.79;21.38;21.05;20.97;20.88;21.3
1991;10;21.88;21.23;21.21;21.69;21.55;21.59;21.14;21.44;21.37;21.56;21.42;21.56;21.79;21.61;21.55;21.57;21.21;21.77;21.41;21.46;21.29;21.74
1991;11;21.94;21.2;21.26;21.8;21.6;21.48;21.21;21.42;21.26;21.48;21.44;21.38;21.85;21.45;21.63;21.47;21.22;21.84;21.45;21.44;21.34;21.88
1991;12;21.73;21;21.11;21.54;21.42;21.07;21.11;21.06;20.89;21.08;21.12;21;21.66;21.05;21.4;21.05;20.91;21.63;21.18;21.06;21.21;21.64
1992;1;21.75;21.05;21.16;21.62;21.48;21.18;21.16;21.17;20.95;21.15;21.23;21.06;21.68;21.14;21.47;21.15;21;21.67;21.27;21.17;21.27;21.69
1992;2;21.79;21.12;21.22;21.69;21.5;21.21;21.19;21.28;21.01;21.18;21.35;21.09;21.72;21.17;21.53;21.18;21.12;21.71;21.36;21.29;21.3;21.74
1992;3;21.8;20.94;21.03;21.71;21.44;21.32;20.97;21.3;21.06;21.34;21.29;21.17;21.7;21.26;21.48;21.3;21.06;21.72;21.29;21.36;21.14;21.79
1992;4;20.72;19.79;19.79;20.55;20.21;20.39;19.68;20.37;20.11;20.4;20.29;20.21;20.57;20.29;20.31;20.34;20.04;20.57;20.19;20.46;19.87;20.64
1992;5;18.79;17.82;17.67;18.65;18.14;18.93;17.47;18.63;18.45;19.01;18.46;18.66;18.58;18.81;18.34;18.89;18.11;18.58;18.29;18.74;17.73;18.7
1992;6;17.25;16.29;16.02;16.99;16.47;17.77;15.76;17.21;17.12;17.89;16.94;17.42;16.99;17.61;16.72;17.74;16.53;16.95;16.72;17.34;16.05;17.02
1992;7;17.54;16.95;16.56;17.18;16.82;17.93;16.29;17.28;17.46;18;17.14;17.8;17.3;17.89;17.02;17.88;16.79;17.24;17.02;17.25;16.5;17.17
1992;8;19.5;19;18.7;19.24;18.95;19.86;18.47;19.24;19.46;19.87;19.17;19.81;19.35;19.88;19.1;19.83;18.85;19.31;19.08;19.2;18.65;19.21
1992;9;21.53;20.88;20.77;21.25;21.09;21.15;20.66;20.91;20.93;21.13;20.95;21.16;21.41;21.2;21.12;21.14;20.7;21.4;20.96;20.86;20.81;21.31
1992;10;21.9;21.18;21.18;21.77;21.55;21.45;21.1;21.39;21.22;21.48;21.39;21.36;21.8;21.43;21.56;21.45;21.19;21.82;21.4;21.4;21.25;21.85
1992;11;21.76;20.94;21.02;21.61;21.38;21.26;20.97;21.22;21.02;21.28;21.22;21.14;21.65;21.21;21.42;21.25;20.98;21.65;21.23;21.26;21.12;21.7
1992;12;21.72;20.9;21.03;21.51;21.38;21.11;21.03;21.05;20.87;21.07;21.11;21.01;21.63;21.08;21.37;21.07;20.86;21.61;21.14;21.07;21.15;21.6
1993;1;21.59;20.94;21.02;21.43;21.31;21;21.01;21;20.81;20.96;21.07;20.91;21.53;20.97;21.3;20.96;20.84;21.5;21.11;21;21.11;21.5
1993;2;21.82;21.13;21.23;21.73;21.56;21.24;21.21;21.29;21.05;21.22;21.35;21.15;21.75;21.21;21.57;21.23;21.12;21.75;21.38;21.29;21.33;21.79
1993;3;21.72;20.91;20.99;21.66;21.42;21.2;20.94;21.27;20.97;21.19;21.26;21.05;21.64;21.14;21.43;21.17;21.03;21.67;21.25;21.33;21.11;21.72
1993;4;20.9;20.05;20.04;20.8;20.41;20.66;19.92;20.6;20.31;20.72;20.52;20.42;20.74;20.53;20.55;20.63;20.24;20.77;20.43;20.7;20.1;20.88
1993;5;18.7;17.64;17.47;18.53;17.94;18.85;17.25;18.52;18.29;18.94;18.3;18.51;18.46;18.69;18.18;18.81;17.91;18.46;18.12;18.65;17.51;18.61
1993;6;16.87;15.95;15.65;16.66;16.12;17.42;15.38;16.86;16.8;17.58;16.56;17.1;16.62;17.27;16.35;17.39;16.16;16.6;16.35;16.98;15.67;16.69
1993;7;17.17;16.64;16.21;16.83;16.48;17.81;15.92;17.03;17.28;17.93;16.83;17.66;16.95;17.76;16.67;17.77;16.46;16.88;16.69;17.04;16.14;16.82
1993;8;18.82;18.3;17.83;18.43;18.09;19.38;17.53;18.55;18.86;19.5;18.37;19.26;18.6;19.36;18.26;19.37;18.03;18.56;18.26;18.54;17.73;18.45
1993;9;21.47;20.8;20.69;21.17;21.03;21.07;20.58;20.82;20.84;21.02;20.86;21.07;21.34;21.11;21.05;21.04;20.57;21.32;20.87;20.8;20.74;21.22
1993;10;21.77;20.97;20.98;21.58;21.36;21.37;20.9;21.22;21.11;21.37;21.21;21.27;21.65;21.34;21.39;21.36;20.97;21.65;21.21;21.24;21.06;21.66
1993;11;21.93;21.22;21.29;21.78;21.6;21.42;21.25;21.39;21.22;21.42;21.42;21.34;21.83;21.41;21.62;21.4;21.22;21.83;21.44;21.41;21.36;21.85
1993;12;21.82;21.13;21.21;21.64;21.52;21.22;21.19;21.21;21.02;21.19;21.26;21.13;21.74;21.19;21.51;21.19;21.06;21.72;21.31;21.21;21.3;21.73
1994;1;21.72;21.04;21.15;21.55;21.45;21.05;21.15;21.09;20.87;20.97;21.18;20.97;21.67;21.03;21.43;20.99;20.95;21.65;21.23;21.07;21.24;21.62
1994;2;21.75;21.19;21.24;21.63;21.47;21.24;21.22;21.26;21.04;21.22;21.3;21.14;21.68;21.2;21.5;21.2;21.09;21.67;21.34;21.27;21.3;21.7
1994;3;21.59;20.87;20.95;21.52;21.25;21.18;20.89;21.19;20.95;21.16;21.19;21.05;21.49;21.13;21.32;21.15;20.97;21.49;21.17;21.25;21.02;21.58
1994;4;20.64;19.77;19.77;20.53;20.15;20.38;19.63;20.34;20.06;20.44;20.28;20.18;20.48;20.28;20.29;20.35;20;20.49;20.19;20.42;19.84;20.59
1994;5;18.83;17.96;17.81;18.74;18.22;19.05;17.63;18.75;18.58;19.14;18.55;18.78;18.63;18.92;18.43;19;18.21;18.64;18.4;18.86;17.86;18.78
1994;6;17.02;16.34;16.03;16.83;16.33;17.78;15.77;17.12;17.15;17.91;16.84;17.46;16.79;17.64;16.59;17.74;16.49;16.75;16.64;17.25;16;16.84
1994;7;17.3;16.57;16.18;16.96;16.51;18.01;15.89;17.2;17.39;18.09;16.95;17.78;17.04;17.93;16.75;17.96;16.55;16.97;16.77;17.25;16.14;16.95
1994;8;19.12;18.6;18.12;18.69;18.41;19.61;17.86;18.79;19.15;19.72;18.66;19.53;18.89;19.6;18.56;19.6;18.31;18.84;18.55;18.74;18.06;18.7
1994;9;21.32;20.66;20.52;21.03;20.86;21.03;20.42;20.74;20.77;21.01;20.73;21.01;21.19;21.06;20.89;21;20.46;21.17;20.73;20.71;20.57;21.09
1994;10;21.9;21.15;21.17;21.72;21.52;21.43;21.11;21.32;21.21;21.47;21.35;21.37;21.79;21.42;21.54;21.44;21.14;21.8;21.36;21.33;21.25;21.81
1994;11;21.68;20.94;20.98;21.49;21.28;21.19;20.93;21.09;20.99;21.19;21.13;21.12;21.56;21.18;21.33;21.18;20.92;21.54;21.15;21.1;21.05;21.58
1994;12;21.8;21.15;21.28;21.68;21.59;21.21;21.29;21.21;21.06;21.16;21.29;21.15;21.77;21.2;21.56;21.17;21.07;21.74;21.35;21.2;21.39;21.73
1995;1;21.62;20.95;21.05;21.47;21.37;21.01;21.05;21.01;20.79;20.97;21.1;20.9;21.58;20.98;21.35;20.97;20.85;21.54;21.14;21;21.16;21.52
1995;2;21.69;21.02;21.11;21.57;21.42;21.11;21.11;21.11;20.93;21.11;21.18;21.03;21.63;21.09;21.42;21.1;20.99;21.62;21.23;21.1;21.21;21.64
1995;3;21.59;20.81;20.84;21.47;21.19;21.11;20.76;21.14;20.89;21.12;21.11;20.97;21.47;21.05;21.25;21.1;20.91;21.49;21.09;21.2;20.91;21.56
1995;4;20.87;19.94;19.97;20.72;20.35;20.58;19.86;20.57;20.26;20.6;20.49;20.36;20.71;20.47;20.48;20.53;20.24;20.71;20.38;20.67;20.04;20.81
1995;5;18.41;17.55;17.38;18.3;17.77;18.7;17.17;18.38;18.18;18.78;18.18;18.41;18.2;18.57;18.01;18.66;17.83;18.19;18;18.49;17.42;18.33
1995;6;17.25;16.24;15.97;17.01;16.47;17.73;15.69;17.15;17.08;17.83;16.9;17.39;17;17.58;16.71;17.68;16.48;16.96;16.69;17.28;16.01;17.03
1995;7;17.19;16.61;16.17;16.86;16.48;17.85;15.89;17.06;17.3;17.98;16.84;17.68;16.96;17.79;16.68;17.83;16.49;16.9;16.7;17.08;16.12;16.85
1995;8;19.19;18.68;18.26;18.91;18.56;19.67;17.99;18.97;19.22;19.74;18.82;19.58;19.01;19.65;18.72;19.63;18.48;19;18.71;18.95;18.2;18.89
1995;9;21.62;20.83;20.68;21.32;21.12;21.02;20.55;20.8;20.8;21.08;20.88;21.02;21.48;21.04;21.13;21.04;20.57;21.47;20.92;20.72;20.75;21.37
1995;10;21.93;21.32;21.29;21.72;21.57;21.66;21.22;21.48;21.42;21.63;21.47;21.6;21.83;21.67;21.59;21.66;21.27;21.81;21.46;21.49;21.34;21.8
1995;11;21.94;21.32;21.37;21.85;21.67;21.63;21.31;21.57;21.41;21.66;21.57;21.52;21.87;21.6;21.7;21.62;21.38;21.88;21.56;21.59;21.44;21.9
1995;12;21.97;21.36;21.44;21.86;21.75;21.49;21.41;21.44;21.29;21.46;21.51;21.41;21.93;21.47;21.73;21.45;21.32;21.92;21.55;21.44;21.52;21.91
1996;1;21.94;21.44;21.49;21.82;21.69;21.4;21.45;21.43;21.26;21.35;21.52;21.35;21.88;21.4;21.71;21.36;21.33;21.87;21.56;21.41;21.53;21.87
1996;2;22.16;21.53;21.59;22.05;21.86;21.63;21.54;21.68;21.47;21.61;21.72;21.56;22.08;21.61;21.89;21.6;21.52;22.07;21.74;21.69;21.65;22.11
1996;3;21.88;21.18;21.23;21.77;21.52;21.43;21.16;21.47;21.18;21.44;21.47;21.28;21.77;21.36;21.59;21.41;21.23;21.77;21.45;21.51;21.3;21.84
1996;4;21.27;20.38;20.41;21.17;20.8;20.98;20.31;20.93;20.66;21.01;20.86;20.78;21.12;20.88;20.92;20.94;20.6;21.14;20.79;21.02;20.5;21.24
1996;5;19.63;18.91;18.75;19.5;19.05;19.78;18.57;19.48;19.36;19.85;19.34;19.54;19.44;19.66;19.25;19.73;19.05;19.43;19.22;19.56;18.76;19.54
1996;6;17.93;17.06;16.82;17.64;17.2;18.3;16.59;17.73;17.75;18.41;17.53;18.04;17.7;18.19;17.41;18.28;17.19;17.64;17.38;17.81;16.83;17.68
1996;7;18.04;17.56;17.14;17.69;17.35;18.65;16.86;17.9;18.1;18.8;17.74;18.47;17.81;18.58;17.55;18.64;17.39;17.72;17.6;17.91;17.06;17.66
1996;8;20.08;19.4;19.07;19.68;19.41;20.27;18.85;19.65;19.82;20.32;19.56;20.19;19.87;20.27;19.53;20.24;19.19;19.81;19.47;19.63;19.05;19.71
1996;9;21.8;20.98;20.84;21.39;21.23;21.36;20.71;20.98;21.04;21.43;21;21.3;21.63;21.37;21.25;21.38;20.71;21.6;21.04;20.96;20.89;21.5
1996;10;22.22;21.48;21.5;22;21.82;21.82;21.42;21.68;21.51;21.85;21.69;21.68;22.1;21.78;21.85;21.83;21.5;22.1;21.69;21.7;21.56;22.1
1996;11;22.4;21.74;21.78;22.22;22.07;21.95;21.75;21.88;21.76;21.92;21.9;21.89;22.31;21.94;22.08;21.92;21.69;22.29;21.91;21.9;21.86;22.29
1996;12;22.25;21.59;21.65;22.06;21.99;21.72;21.63;21.65;21.53;21.69;21.7;21.66;22.2;21.71;21.95;21.69;21.5;22.17;21.75;21.65;21.75;22.13
1997;1;22.26;21.59;21.66;22.13;21.98;21.63;21.66;21.65;21.47;21.59;21.72;21.58;22.2;21.63;21.97;21.61;21.51;22.18;21.77;21.65;21.76;22.2
1997;2;22.43;21.79;21.9;22.33;22.2;21.93;21.91;21.98;21.73;21.91;22.01;21.81;22.38;21.89;22.2;21.9;21.81;22.37;22.03;22;22.01;22.37
1997;3;22.21;21.5;21.57;22.13;21.89;21.81;21.51;21.84;21.57;21.82;21.82;21.67;22.12;21.75;21.94;21.79;21.6;22.13;21.8;21.91;21.65;22.2
1997;4;21.17;20.32;20.31;21.04;20.7;20.91;20.2;20.82;20.59;20.98;20.75;20.72;21.03;20.82;20.81;20.89;20.5;21.04;20.69;20.89;20.38;21.12
1997;5;19.38;18.54;18.41;19.23;18.74;19.66;18.23;19.31;19.14;19.76;19.1;19.33;19.17;19.51;18.97;19.63;18.79;19.17;18.94;19.45;18.43;19.3
1997;6;17.91;17.1;16.8;17.7;17.17;18.32;16.51;17.78;17.74;18.37;17.58;18.03;17.66;18.2;17.43;18.25;17.2;17.66;17.41;17.87;16.78;17.73
1997;7;17.93;17.15;16.86;17.64;17.19;18.31;16.59;17.68;17.77;18.42;17.52;18.1;17.68;18.22;17.42;18.27;17.15;17.66;17.38;17.72;16.83;17.66
1997;8;19.92;19.32;18.94;19.54;19.24;20.21;18.67;19.5;19.75;20.3;19.41;20.11;19.72;20.2;19.39;20.21;19.05;19.68;19.33;19.48;18.89;19.56
1997;9;21.69;21.1;20.87;21.34;21.19;21.54;20.7;21.13;21.26;21.57;21.11;21.53;21.56;21.57;21.22;21.54;20.86;21.52;21.1;21.08;20.86;21.39
1997;10;22.2;21.53;21.56;22.03;21.86;21.86;21.5;21.75;21.61;21.87;21.75;21.77;22.1;21.84;21.89;21.85;21.55;22.09;21.74;21.78;21.63;22.09
1997;11;22.2;21.44;21.52;22.06;21.84;21.77;21.48;21.69;21.5;21.81;21.69;21.64;22.1;21.72;21.88;21.77;21.46;22.1;21.7;21.73;21.61;22.15
1997;12;22.16;21.51;21.56;22.04;21.85;21.7;21.5;21.64;21.49;21.72;21.69;21.61;22.08;21.68;21.88;21.69;21.47;22.07;21.71;21.65;21.63;22.12
1998;1;21.99;21.46;21.53;21.83;21.74;21.5;21.53;21.47;21.31;21.45;21.52;21.42;21.94;21.48;21.73;21.46;21.35;21.9;21.57;21.48;21.59;21.9
1998;2;22.13;21.59;21.64;22.11;21.89;21.78;21.59;21.73;21.55;21.79;21.78;21.67;22.07;21.76;21.93;21.77;21.57;22.07;21.8;21.73;21.7;22.14
1998;3;22.1;21.39;21.44;22.04;21.78;21.69;21.38;21.69;21.46;21.69;21.69;21.56;22.01;21.64;21.83;21.66;21.47;22.03;21.68;21.74;21.53;22.09
1998;4;21.15;20.21;20.26;21.11;20.69;20.93;20.16;20.88;20.55;21.03;20.79;20.66;21;20.8;20.82;20.93;20.5;21.05;20.69;20.98;20.36;21.18
1998;5;19.33;18.66;18.53;19.24;18.81;19.58;18.35;19.27;19.15;19.64;19.13;19.34;19.16;19.47;19.01;19.55;18.85;19.17;19;19.36;18.53;19.27
1998;6;17.69;17.06;16.73;17.49;17.01;18.39;16.44;17.74;17.78;18.5;17.49;18.08;17.47;18.25;17.26;18.35;17.14;17.43;17.31;17.84;16.67;17.5
1998;7;17.61;16.96;16.53;17.24;16.82;18.31;16.23;17.46;17.73;18.44;17.23;18.12;17.35;18.23;17.05;18.27;16.86;17.28;17.07;17.5;16.45;17.26
1998;8;20.01;19.51;19.12;19.64;19.36;20.44;18.87;19.71;20.04;20.54;19.59;20.4;19.8;20.45;19.52;20.43;19.26;19.76;19.5;19.68;19.05;19.65
1998;9;22.3;21.65;21.45;21.91;21.77;21.93;21.31;21.62;21.74;21.89;21.63;21.99;22.14;21.99;21.79;21.91;21.37;22.12;21.64;21.58;21.46;22
1998;10;22.53;21.93;21.9;22.34;22.2;22.28;21.81;22.07;22.06;22.21;22.05;22.24;22.43;22.29;22.21;22.24;21.89;22.43;22.07;22.1;21.95;22.4
1998;11;22.23;21.51;21.59;22.11;21.92;21.82;21.54;21.76;21.58;21.83;21.76;21.71;22.15;21.8;21.94;21.81;21.55;22.14;21.77;21.79;21.68;22.17
1998;12;22.08;21.52;21.57;21.95;21.84;21.61;21.55;21.58;21.41;21.58;21.66;21.51;22.03;21.58;21.84;21.57;21.48;22.01;21.68;21.59;21.65;22
1999;1;21.87;21.37;21.43;21.81;21.69;21.46;21.41;21.44;21.29;21.44;21.5;21.38;21.83;21.44;21.69;21.43;21.32;21.82;21.54;21.43;21.51;21.84
1999;2;22.14;21.48;21.53;22.02;21.83;21.59;21.49;21.6;21.38;21.56;21.64;21.48;22.05;21.56;21.85;21.57;21.44;22.05;21.67;21.62;21.6;22.1
1999;3;22.12;21.35;21.39;21.97;21.72;21.7;21.33;21.68;21.45;21.72;21.65;21.55;22;21.64;21.77;21.69;21.44;21.99;21.63;21.75;21.46;22.06
1999;4;20.84;19.91;19.88;20.76;20.28;20.64;19.74;20.54;20.28;20.71;20.43;20.4;20.67;20.52;20.45;20.62;20.15;20.7;20.34;20.65;19.94;20.84
1999;5;19.79;18.9;18.76;19.67;19.16;19.84;18.56;19.61;19.42;19.9;19.46;19.58;19.59;19.71;19.37;19.79;19.14;19.6;19.32;19.7;18.79;19.73
1999;6;18.1;17.31;17.04;17.83;17.44;18.5;16.81;17.91;17.97;18.6;17.72;18.26;17.88;18.4;17.61;18.46;17.36;17.84;17.58;17.97;17.06;17.85
1999;7;17.25;16.63;16.2;16.9;16.46;18;15.9;17.14;17.38;18.19;16.88;17.77;16.97;17.92;16.71;18;16.53;16.91;16.73;17.18;16.13;16.92
1999;8;19.38;18.79;18.35;18.97;18.63;19.91;18.09;19.06;19.37;20.04;18.9;19.77;19.15;19.87;18.8;19.9;18.54;19.1;18.79;19.04;18.29;18.99
1999;9;21.87;21.2;21.06;21.57;21.44;21.54;20.93;21.25;21.27;21.57;21.27;21.51;21.74;21.55;21.45;21.54;20.97;21.71;21.28;21.21;21.11;21.61
1999;10;22.33;21.59;21.64;22.14;21.98;21.99;21.57;21.85;21.68;22.02;21.85;21.85;22.22;21.95;22;22;21.61;22.2;21.83;21.89;21.72;22.2
1999;11;22.15;21.44;21.52;22.05;21.82;21.76;21.46;21.7;21.52;21.79;21.7;21.65;22.05;21.73;21.87;21.77;21.49;22.06;21.71;21.74;21.59;22.12
1999;12;22.17;21.58;21.67;22.03;21.9;21.64;21.64;21.61;21.46;21.64;21.7;21.58;22.1;21.63;21.92;21.62;21.49;22.08;21.74;21.59;21.74;22.1
2000;1;22.09;21.52;21.59;21.93;21.83;21.54;21.58;21.52;21.36;21.52;21.6;21.47;22.03;21.53;21.82;21.51;21.4;21.99;21.65;21.51;21.66;22
2000;2;22.17;21.44;21.53;22.06;21.86;21.68;21.48;21.7;21.46;21.69;21.72;21.56;22.09;21.64;21.89;21.66;21.51;22.08;21.72;21.74;21.62;22.12
2000;3;22.15;21.46;21.53;22.06;21.86;21.73;21.49;21.72;21.54;21.72;21.73;21.64;22.06;21.7;21.89;21.71;21.52;22.07;21.73;21.75;21.62;22.12
2000;4;21.59;20.81;20.8;21.46;21.13;21.28;20.68;21.24;21;21.32;21.19;21.11;21.45;21.2;21.24;21.25;20.95;21.45;21.13;21.31;20.85;21.53
2000;5;19.43;18.66;18.46;19.28;18.8;19.73;18.25;19.33;19.22;19.81;19.16;19.44;19.23;19.6;19.02;19.7;18.86;19.21;19.01;19.44;18.47;19.32
2000;6;17.4;16.59;16.24;17.17;16.57;18.09;15.94;17.43;17.38;18.23;17.16;17.72;17.11;17.93;16.88;18.06;16.75;17.08;16.93;17.53;16.2;17.19
2000;7;16.93;16.24;15.81;16.66;16.13;17.78;15.51;16.94;17.11;17.93;16.65;17.51;16.66;17.67;16.41;17.75;16.26;16.62;16.46;17.01;15.76;16.66
2000;8;19.82;19.1;18.72;19.38;19.06;20.06;18.48;19.35;19.55;20.19;19.24;19.92;19.58;20.01;19.21;20.04;18.85;19.53;19.15;19.3;18.69;19.4
2000;9;22.06;21.43;21.31;21.78;21.63;21.68;21.19;21.38;21.42;21.75;21.45;21.66;21.93;21.7;21.66;21.71;21.15;21.93;21.48;21.31;21.35;21.82
2000;10;22.24;21.46;21.53;22.07;21.91;21.88;21.48;21.72;21.6;21.85;21.73;21.78;22.15;21.87;21.92;21.87;21.51;22.11;21.74;21.74;21.65;22.12
2000;11;22.35;21.66;21.71;22.16;22;21.93;21.66;21.87;21.74;21.93;21.86;21.85;22.25;21.9;22.02;21.91;21.68;22.23;21.86;21.89;21.78;22.25
2000;12;22.24;21.58;21.65;22.1;21.93;21.73;21.6;21.68;21.52;21.72;21.73;21.64;22.16;21.71;21.95;21.7;21.53;22.15;21.77;21.68;21.72;22.17
2001;1;22.04;21.51;21.57;21.88;21.76;21.61;21.56;21.54;21.41;21.59;21.58;21.52;21.97;21.59;21.77;21.59;21.41;21.94;21.62;21.55;21.62;21.96
2001;2;22.09;21.35;21.46;22;21.78;21.56;21.42;21.62;21.35;21.56;21.64;21.44;22.01;21.52;21.82;21.54;21.4;22.01;21.64;21.64;21.55;22.07
2001;3;22.09;21.36;21.44;21.98;21.78;21.61;21.38;21.66;21.4;21.62;21.66;21.48;22.01;21.55;21.81;21.59;21.44;22.01;21.65;21.7;21.53;22.05
2001;4;21.28;20.34;20.4;21.21;20.84;20.9;20.33;20.89;20.56;20.96;20.83;20.68;21.15;20.79;20.94;20.88;20.54;21.18;20.77;20.98;20.52;21.29
2001;5;19.39;18.47;18.37;19.27;18.75;19.57;18.19;19.25;19.07;19.68;19.07;19.26;19.18;19.42;18.97;19.55;18.74;19.2;18.92;19.38;18.4;19.33
2001;6;17.9;16.99;16.7;17.63;17.1;18.41;16.44;17.77;17.74;18.55;17.52;18.06;17.63;18.26;17.35;18.39;17.14;17.59;17.34;17.88;16.7;17.68
2001;7;17.66;16.95;16.56;17.31;16.87;18.37;16.28;17.5;17.72;18.52;17.26;18.12;17.4;18.28;17.1;18.37;16.86;17.34;17.11;17.56;16.51;17.32
2001;8;19.79;19.19;18.81;19.42;19.09;20.15;18.53;19.43;19.65;20.27;19.33;20;19.56;20.11;19.27;20.16;19;19.53;19.24;19.41;18.74;19.44
2001;9;21.94;21.21;21.11;21.52;21.46;21.43;21.03;21.13;21.21;21.45;21.17;21.44;21.81;21.47;21.44;21.43;20.92;21.76;21.23;21.09;21.17;21.63
2001;10;22.33;21.7;21.69;22.14;21.97;21.99;21.6;21.8;21.76;22.03;21.82;21.94;22.22;22;22;22;21.63;22.22;21.84;21.8;21.73;22.22
2001;11;22.4;21.66;21.69;22.22;21.99;21.89;21.62;21.83;21.69;21.92;21.86;21.82;22.28;21.88;22.04;21.89;21.66;22.28;21.87;21.84;21.75;22.31
2001;12;22.34;21.68;21.77;22.17;22.06;21.85;21.75;21.78;21.63;21.82;21.82;21.74;22.28;21.82;22.05;21.83;21.64;22.25;21.86;21.8;21.85;22.24
2002;1;22.08;21.47;21.56;21.94;21.8;21.62;21.55;21.57;21.41;21.61;21.62;21.52;22;21.58;21.81;21.6;21.43;21.98;21.65;21.57;21.63;22
2002;2;22.56;21.89;21.96;22.43;22.25;22.04;21.92;22.06;21.81;22.06;22.1;21.89;22.48;21.98;22.28;22.03;21.9;22.47;22.11;22.09;22.04;22.5
2002;3;22.26;21.58;21.63;22.14;21.92;21.81;21.56;21.83;21.6;21.81;21.83;21.7;22.16;21.76;21.97;21.79;21.62;22.16;21.83;21.88;21.69;22.21
2002;4;21.32;20.49;20.46;21.23;20.83;21.09;20.34;21.02;20.78;21.16;20.95;20.9;21.16;21;20.97;21.07;20.69;21.2;20.87;21.1;20.52;21.3
2002;5;19.3;18.53;18.34;19.2;18.69;19.61;18.14;19.27;19.11;19.71;19.08;19.33;19.1;19.48;18.92;19.59;18.76;19.1;18.91;19.38;18.36;19.24
2002;6;17.87;17.25;16.91;17.63;17.18;18.47;16.65;17.83;17.91;18.59;17.61;18.22;17.64;18.36;17.42;18.45;17.27;17.6;17.45;17.9;16.86;17.65
2002;7;17.94;17.37;16.95;17.6;17.22;18.49;16.66;17.74;18.01;18.59;17.57;18.37;17.7;18.45;17.43;18.46;17.21;17.63;17.45;17.73;16.89;17.57
2002;8;20.24;19.63;19.28;19.87;19.6;20.47;19.06;19.76;20.04;20.55;19.67;20.41;20.05;20.48;19.71;20.46;19.33;20.02;19.62;19.72;19.26;19.86
2002;9;22.23;21.55;21.42;21.87;21.79;21.65;21.31;21.4;21.49;21.66;21.5;21.71;22.11;21.71;21.77;21.66;21.24;22.07;21.56;21.3;21.48;21.93
2002;10;22.3;21.53;21.59;22.15;21.96;21.97;21.51;21.82;21.65;21.97;21.82;21.82;22.2;21.92;21.98;21.95;21.58;22.19;21.81;21.88;21.68;22.21
2002;11;22.42;21.63;21.72;22.3;22.09;21.9;21.67;21.87;21.65;21.94;21.91;21.77;22.33;21.85;22.11;21.89;21.68;22.33;21.92;21.88;21.82;22.37
2002;12;22.45;21.8;21.9;22.32;22.19;21.86;21.88;21.89;21.69;21.84;21.98;21.79;22.39;21.84;22.19;21.83;21.77;22.37;22.01;21.89;21.98;22.38
2003;1;22.33;21.63;21.75;22.16;22.06;21.71;21.76;21.73;21.53;21.71;21.78;21.63;22.27;21.68;22.04;21.69;21.58;22.24;21.83;21.74;21.86;22.24
2003;2;22.52;21.71;21.8;22.38;22.15;21.87;21.76;21.93;21.71;21.85;21.97;21.79;22.42;21.84;22.18;21.83;21.75;22.42;21.99;21.93;21.9;22.47
2003;3;22.5;21.71;21.79;22.42;22.16;21.95;21.73;22.01;21.74;21.94;22.02;21.82;22.41;21.89;22.2;21.91;21.8;22.43;22.02;22.05;21.89;22.49
2003;4;21.06;20.26;20.22;20.97;20.57;20.96;20.08;20.81;20.58;21.02;20.73;20.73;20.91;20.86;20.72;20.94;20.47;20.92;20.64;20.9;20.27;21.04
2003;5;19.7;18.88;18.77;19.55;19.13;19.81;18.61;19.58;19.39;19.87;19.42;19.56;19.52;19.68;19.31;19.76;19.13;19.52;19.27;19.7;18.8;19.6
2003;6;18.03;17.14;16.86;17.79;17.27;18.57;16.61;17.98;17.93;18.66;17.73;18.25;17.78;18.44;17.52;18.53;17.34;17.75;17.52;18.1;16.87;17.82
2003;7;17.83;17.35;16.85;17.37;17.05;18.57;16.54;17.68;18;18.7;17.47;18.41;17.58;18.52;17.25;18.54;17.12;17.46;17.32;17.68;16.73;17.37
2003;8;20.4;19.84;19.43;19.97;19.71;20.67;19.17;19.97;20.22;20.73;19.89;20.58;20.19;20.67;19.84;20.64;19.55;20.11;19.81;19.91;19.36;19.98
2003;9;22.27;21.6;21.45;21.95;21.79;21.94;21.34;21.63;21.7;21.96;21.62;21.93;22.13;21.97;21.81;21.95;21.38;22.12;21.64;21.61;21.49;22.03
2003;10;22.32;21.66;21.66;22.22;21.98;22.16;21.58;21.93;21.85;22.2;21.91;22.06;22.23;22.15;22.04;22.19;21.67;22.23;21.9;21.96;21.73;22.26
2003;11;22.73;22.01;22.04;22.56;22.37;22.35;21.99;22.25;22.13;22.32;22.23;22.26;22.64;22.33;22.4;22.31;22.03;22.62;22.23;22.29;22.13;22.64
2003;12;22.51;21.99;22.1;22.38;22.34;22.01;22.1;22.01;21.84;21.95;22.09;21.93;22.48;21.98;22.3;21.96;21.92;22.44;22.14;22.01;22.18;22.42
2004;1;22.33;21.79;21.83;22.18;22.03;21.86;21.78;21.83;21.67;21.85;21.89;21.78;22.26;21.85;22.06;21.84;21.7;22.23;21.92;21.82;21.86;22.24
2004;2;22.71;22.04;22.15;22.58;22.46;22.24;22.14;22.22;22;22.22;22.25;22.11;22.65;22.19;22.46;22.21;22.05;22.63;22.28;22.24;22.26;22.64
2004;3;22.06;21.29;21.35;21.94;21.69;21.67;21.29;21.67;21.4;21.72;21.65;21.5;21.95;21.59;21.75;21.67;21.45;21.95;21.62;21.72;21.43;22.02
2004;4;21.22;20.36;20.35;21.13;20.73;21.03;20.22;20.96;20.71;21.08;20.85;20.83;21.06;20.93;20.87;21;20.6;21.09;20.76;21.06;20.41;21.2
2004;5;19.21;18.25;18.13;19.15;18.56;19.48;17.94;19.14;18.91;19.63;18.92;19.12;18.99;19.31;18.81;19.48;18.55;19.03;18.75;19.28;18.18;19.2
2004;6;18.05;17.36;17.06;17.84;17.35;18.52;16.8;17.98;17.98;18.65;17.78;18.25;17.82;18.4;17.61;18.5;17.43;17.8;17.62;18.04;17.02;17.88
2004;7;17.92;17.28;16.89;17.6;17.16;18.47;16.61;17.75;17.95;18.62;17.56;18.31;17.66;18.4;17.4;18.44;17.17;17.61;17.42;17.76;16.84;17.61
2004;8;20.06;19.58;19.17;19.7;19.41;20.39;18.9;19.71;19.99;20.52;19.64;20.34;19.84;20.39;19.57;20.38;19.3;19.8;19.56;19.64;19.1;19.69
2004;9;22.03;21.42;21.21;21.73;21.56;21.69;21.07;21.38;21.46;21.68;21.42;21.7;21.91;21.73;21.59;21.68;21.13;21.89;21.43;21.31;21.24;21.78
2004;10;22.56;21.79;21.83;22.39;22.23;22.13;21.77;22.09;21.96;22.11;22.08;22.1;22.47;22.15;22.23;22.11;21.89;22.47;22.07;22.12;21.94;22.46
2004;11;22.51;21.73;21.8;22.37;22.15;22.13;21.75;22.03;21.85;22.16;22.03;21.99;22.41;22.08;22.18;22.12;21.82;22.43;22.02;22.08;21.89;22.45
2004;12;22.49;21.85;21.94;22.35;22.27;21.99;21.95;21.92;21.78;21.96;21.99;21.93;22.45;21.99;22.23;21.97;21.77;22.43;22.03;21.92;22.06;22.4
2005;1;22.25;21.69;21.75;22.15;22;21.73;21.72;21.73;21.55;21.65;21.8;21.66;22.2;21.72;22.01;21.68;21.6;22.19;21.84;21.74;21.81;22.2
2005;2;22.54;21.92;22.02;22.48;22.31;22.08;22;22.1;21.88;22.09;22.15;21.97;22.49;22.05;22.33;22.07;21.93;22.49;22.16;22.11;22.11;22.53
2005;3;22.37;21.61;21.66;22.25;22.01;21.82;21.61;21.88;21.62;21.85;21.88;21.72;22.27;21.78;22.04;21.81;21.67;22.27;21.88;21.91;21.75;22.34
2005;4;21.16;20.24;20.22;21.08;20.62;21;20.1;20.88;20.65;21.1;20.75;20.79;20.99;20.9;20.77;21;20.51;21.02;20.67;20.97;20.29;21.17
2005;5;19.49;18.63;18.45;19.37;18.82;19.74;18.25;19.38;19.24;19.84;19.19;19.45;19.26;19.61;19.06;19.71;18.83;19.28;19.03;19.48;18.47;19.42
2005;6;17.95;17.17;16.88;17.76;17.22;18.53;16.61;17.92;17.95;18.7;17.67;18.25;17.71;18.41;17.49;18.53;17.31;17.69;17.49;18.01;16.86;17.78
2005;7;18.05;17.48;17.08;17.74;17.32;18.64;16.8;17.89;18.11;18.75;17.7;18.47;17.81;18.58;17.56;18.61;17.32;17.74;17.57;17.89;17.01;17.7
2005;8;20.27;19.77;19.42;19.94;19.64;20.54;19.17;19.9;20.18;20.61;19.84;20.51;20.07;20.56;19.79;20.53;19.52;20.04;19.76;19.85;19.35;19.94
2005;9;22.02;21.34;21.23;21.78;21.58;21.63;21.11;21.39;21.41;21.62;21.43;21.65;21.9;21.67;21.61;21.62;21.16;21.89;21.44;21.33;21.28;21.83
2005;10;22.29;21.5;21.53;22.12;21.88;22.01;21.46;21.83;21.71;22.06;21.81;21.89;22.18;21.98;21.94;22.02;21.59;22.18;21.78;21.88;21.61;22.19
2005;11;22.6;21.9;21.97;22.47;22.3;22.15;21.91;22.13;21.91;22.19;22.17;22.03;22.53;22.11;22.32;22.16;21.95;22.53;22.16;22.15;22.05;22.53
2005;12;22.45;21.83;21.88;22.32;22.16;22;21.83;21.96;21.77;21.99;22.01;21.88;22.38;21.96;22.18;21.99;21.82;22.37;22.02;21.98;21.95;22.39
